,id,Pilihan Jadwal Kelas,Status
0,d8e7fd49-fb6b-4a43-9ca1-b4d4c80a3ee3,Bootcamp Data Science For Beginner Batch 8 - Mulai Februari 2024,Mahasiswa
1,278d7fda-b155-48ea-a14a-c79813c8a257,Bootcamp Data Science For Beginner Batch 8 - Mulai Februari 2024,Mahasiswa
2,5bc4a3cf-85c1-48f5-98b1-86cca6412ecb,Bootcamp Data Science For Beginner Batch 9 - Mulai April 2024 (Kelas Terdekat),Fresh Graduates
3,8466868d-3b97-4c27-bd52-4a2e0aacecfe,Bootcamp Data Science For Beginner Batch 9 - Mulai April 2024 (Kelas Terdekat),Umum
4,063c738e-30ae-49ad-877d-d97287e94231,Bootcamp Data Science For Beginner Batch 9 - Mulai April 2024 (Kelas Terdekat),Pekerja aktif
5,d40fa582-2d04-438d-b3d2-714fe1fdd16a,Bootcamp Data Science For Beginner Batch 9 - Mulai April 2024 (Kelas Terdekat),Pekerja aktif
6,b1de696a-5203-4efa-9892-9659a6559ede,Bootcamp Data Science For Beginner Batch 9 - Mulai April 2024 (Kelas Terdekat),Mahasiswa
7,ece26e6e-a96d-4677-861e-0f3e9a765acf,Bootcamp Data Science For Beginner Batch 9 - Mulai April 2024 (Kelas Terdekat),Fresh Graduates
8,160e1cad-d896-47e5-b0a1-c01c9c06700e,Bootcamp Data Science For Beginner Batch 9 - Mulai April 2024 (Kelas Terdekat),Pekerja aktif
9,84e82477-5fb8-432b-9c0f-6bd0306ca028,,Fresh Graduates
10,ee37855a-ddcd-4ff3-9b20-222d45f7c3bb,,Fresh Graduates
11,82f0634a-e15e-4d1a-a163-b5dcb790072c,,Pekerja aktif
12,e6167931-7dcd-40cb-a065-3804a08ae841,Bootcamp Data Science For Beginner Batch 8 - Mulai Februari 2024,Mahasiswa
13,28c21980-3720-4511-bec7-cc2e6275750a,Bootcamp Data Science For Beginner Batch 9 - Mulai April 2024 (Kelas Terdekat),Mahasiswa
14,6182a456-4de8-43e2-b54f-5836017a532d,,Fresh Graduates
15,1efd7e76-acea-457d-b43c-d2c538c532b2,Bootcamp Data Science For Beginner Batch 8 - Mulai Februari 2024,Mahasiswa
16,3225e9ea-e884-40bd-a656-818e699d86ec,Bootcamp Data Science For Beginner Batch 9 - Mulai April 2024 (Kelas Terdekat),Fresh Graduates
17,7b2398e5-7c99-4ccd-aa73-5c987b82858f,Bootcamp Data Science For Beginner Batch 8 - Mulai Februari 2024,Pekerja aktif
18,37ff7521-e05d-4635-8d59-e3c6f852d77d,,Mahasiswa
19,1de40c3b-877b-48c2-be67-4021b5459754,Bootcamp Data Science For Beginner Batch 9 - Mulai April 2024 (Kelas Terdekat),Mahasiswa
20,3d110c2c-e912-45ac-b49c-d55781dd00dd,,Fresh Graduates
21,b08e0cea-9237-4a5a-87d6-3f72a313ae3f,Bootcamp Data Science For Beginner Batch 9 - Mulai April 2024 (Kelas Terdekat),Pekerja aktif
22,2af566fa-f86c-462b-b3cf-5868069d103e,Bootcamp Data Science For Beginner Batch 9 - Mulai April 2024 (Kelas Terdekat),Fresh Graduates
23,223e96b7-dfbe-442b-9b28-7fef065a6044,,Mahasiswa
24,1c8b2fc6-6dea-4184-9cb0-5dfbe49b73da,,Mahasiswa
25,37725a9e-f7e1-4803-ad03-e9be32e186d4,Bootcamp Data Science For Beginner Batch 9 - Mulai April 2024 (Kelas Terdekat),Pekerja aktif
26,23205395-678b-4b55-a150-3fc8227c3a18,,Fresh Graduates
27,66435fb2-4e78-43d7-952d-d83ed97c5590,,Fresh Graduates
28,2f773992-bd33-499d-b4d8-9de663d61d09,Bootcamp Data Science For Beginner Batch 8 - Mulai Februari 2024,Pekerja aktif
29,73ae6177-466a-40ab-833a-67f5a7eedc79,Bootcamp Data Science For Beginner Batch 9 - Mulai April 2024 (Kelas Terdekat),Fresh Graduates
30,0ee3780f-36f5-4ce7-af65-420a0d0b528c,Bootcamp Data Science For Beginner Batch 9 - Mulai April 2024 (Kelas Terdekat),Pekerja aktif
31,b201d5cd-6e38-4c63-8347-e1dbd89720e9,Bootcamp Data Science For Beginner Batch 9 - Mulai April 2024 (Kelas Terdekat),Mahasiswa
32,9bb07206-a24d-488b-91d9-853f606d5fd4,Bootcamp Data Science For Beginner Batch 8 - Mulai Februari 2024,Fresh Graduates
33,c16dd75d-767f-4f05-a3cf-e3207ecb51a4,Bootcamp Data Science For Beginner Batch 9 - Mulai April 2024 (Kelas Terdekat),Mahasiswa
34,d5fbe51e-866a-4bc6-acd4-65604d50f3e6,,Fresh Graduates
35,1cb0d1bf-328c-48fc-ba36-d238bcf1b7f6,Bootcamp Data Science For Beginner Batch 8 - Mulai Februari 2024,Pekerja aktif
36,a2509b39-af24-4703-842f-27c2dcd12475,,Mahasiswa
37,50bc13c3-0c72-4cab-a0af-b1569c6608e6,Bootcamp Data Science For Beginner Batch 8 - Mulai Februari 2024,Mahasiswa
38,8633ed8f-31e9-45be-8c95-1a50d1658229,,Fresh Graduates
39,38ba55a0-96fe-4f04-af03-fe2a75bf9968,Bootcamp Data Science For Beginner Batch 9 - Mulai April 2024 (Kelas Terdekat),Umum
40,e7ec3fdb-639e-430f-978e-10c034fd3978,Bootcamp Data Science For Beginner Batch 9 - Mulai April 2024 (Kelas Terdekat),Fresh Graduates
41,b72ffd03-aef1-4d7f-896e-953964384583,Bootcamp Data Science For Beginner Batch 9 - Mulai April 2024 (Kelas Terdekat),Mahasiswa
42,a9c35b24-76a8-4b67-addd-81845fb390c7,,Mahasiswa
43,202f45d7-fcef-4cc2-8278-6cd8e89d01cd,Bootcamp Data Science For Beginner Batch 9 - Mulai April 2024 (Kelas Terdekat),Fresh Graduates
44,640d60da-a441-4460-b386-d9613ee01d28,Bootcamp Data Science For Beginner Batch 9 - Mulai April 2024 (Kelas Terdekat),Fresh Graduates
45,dac33426-3c77-4e9c-807c-3ecdc261339f,Bootcamp Data Science For Beginner Batch 9 - Mulai April 2024 (Kelas Terdekat),Fresh Graduates
46,0a986dd7-a658-40a9-9d1b-d3074e036e35,Bootcamp Data Science For Beginner Batch 8 - Mulai Februari 2024,Fresh Graduates
47,d4024ed1-cddb-4e3c-aea5-6616191d699f,Bootcamp Data Science For Beginner Batch 9 - Mulai April 2024 (Kelas Terdekat),Fresh Graduates
48,6ec72b3a-0222-42ca-a3fe-bc17e019a32f,,Mahasiswa
49,f6c33008-5144-41d8-b2a5-a570e9f1561b,Bootcamp Data Science For Beginner Batch 8 - Mulai Februari 2024,Pekerja aktif
50,9b6d950a-d667-4f0b-ac67-0d810b2feff6,Bootcamp Data Science For Beginner Batch 9 - Mulai April 2024 (Kelas Terdekat),Fresh Graduates
51,47ab6a24-9a36-4af9-b4a4-651bfa037130,Bootcamp Data Science For Beginner Batch 9 - Mulai April 2024 (Kelas Terdekat),Fresh Graduates
52,d26cad8a-57db-41ec-9679-d73b30e718dc,,Mahasiswa
53,9ffb6093-07ab-4c59-8f50-d7b38b640c04,Bootcamp Data Science For Beginner Batch 8 - Mulai Februari 2024,Fresh Graduates
54,e835a550-12b8-48aa-84a8-7fc1c8b1e775,,Umum
55,ab9d4c1f-1773-4f12-88e1-ecd78f51e309,Bootcamp Data Science For Beginner Batch 9 - Mulai April 2024 (Kelas Terdekat),Fresh Graduates
56,e876c637-3708-402f-9fc3-ed2a59c697c9,Bootcamp Data Science For Beginner Batch 9 - Mulai April 2024 (Kelas Terdekat),Fresh Graduates
57,52a42141-4b24-488f-8631-7ef301b1c14c,,Fresh Graduates
58,4c39b0b9-c9d0-45ac-b545-190c3da984fa,Bootcamp Data Science For Beginner Batch 9 - Mulai April 2024 (Kelas Terdekat),Pekerja aktif
59,9fd059e2-db33-4855-9374-7ccccc82e66e,,Umum
60,90f03727-0a86-4f64-8828-9b8d6d2a0650,Bootcamp Data Science For Beginner Batch 8 - Mulai Februari 2024,Mahasiswa
61,4f727795-2eba-42fd-97a6-dd7a8a15282b,Bootcamp Data Science For Beginner Batch 8 - Mulai Februari 2024,Pekerja aktif
62,fea9deb6-7320-4e71-8c81-a5529ccdd68c,Bootcamp Data Science For Beginner Batch 9 - Mulai April 2024 (Kelas Terdekat),Mahasiswa
63,89659f75-6600-40be-8c14-322a5ae87e24,Bootcamp Data Science For Beginner Batch 9 - Mulai April 2024 (Kelas Terdekat),Fresh Graduates
64,8d2d94c5-8114-4962-a74e-d3f9ce3f36f5,,Pekerja aktif
65,11a3f0b6-30be-4055-bd52-045a04e860fe,Bootcamp Data Science For Beginner Batch 8 - Mulai Februari 2024,Pekerja aktif
66,cec079b7-5691-4cd0-9092-3b0388c25d4a,Bootcamp Data Science For Beginner Batch 9 - Mulai April 2024 (Kelas Terdekat),Fresh Graduates
67,f79501bb-dbe6-4ba4-8439-e4740856c51a,,Mahasiswa
68,f064f333-666c-499f-bfcb-b71607e60de7,Bootcamp Data Science For Beginner Batch 9 - Mulai April 2024 (Kelas Terdekat),Umum
69,5939bdfb-18e1-40ee-8654-d802e218a33f,Bootcamp Data Science For Beginner Batch 9 - Mulai April 2024 (Kelas Terdekat),Pekerja aktif
70,e7cb74f4-ab7a-4555-90a9-a9f5ecb3f9b6,Bootcamp Data Science For Beginner Batch 9 - Mulai April 2024 (Kelas Terdekat),Umum
71,e98d0b49-dc22-4be4-89e6-38ba25d671b3,Bootcamp Data Science For Beginner Batch 9 - Mulai April 2024 (Kelas Terdekat),Pekerja aktif
72,91753f65-ede6-4be5-b7a7-9e8b4da7cc42,,Mahasiswa
73,53292fdb-b353-457a-8482-81bdab16d44f,Bootcamp Data Science For Beginner Batch 8 - Mulai Februari 2024,Mahasiswa
74,9493905e-b65c-40ce-b799-c350ed3e1f18,Bootcamp Data Science For Beginner Batch 9 - Mulai April 2024 (Kelas Terdekat),Pekerja aktif
75,9b87a188-a71f-4d7a-bb50-b7fae8022f80,Bootcamp Data Science For Beginner Batch 9 - Mulai April 2024 (Kelas Terdekat),Mahasiswa
76,be4db01d-a7c7-4918-93df-7014dc077733,Bootcamp Data Science For Beginner Batch 9 - Mulai April 2024 (Kelas Terdekat),Mahasiswa
77,dfac5d22-8882-4707-bbe8-9325b9ddc739,Bootcamp Data Science For Beginner Batch 9 - Mulai April 2024 (Kelas Terdekat),Pekerja aktif
78,afcb575e-c985-4e48-8663-6e73dd6dbe65,,Mahasiswa
79,342ea9ee-c313-48ec-9c3e-d11cc7614f54,,Pekerja aktif
80,dd17fd3c-6723-465c-8b53-ce5998b51003,Bootcamp Data Science For Beginner Batch 9 - Mulai April 2024 (Kelas Terdekat),Pekerja aktif
81,44ca9a06-8b5d-42d1-a313-dfee18559727,Bootcamp Data Science For Beginner Batch 9 - Mulai April 2024 (Kelas Terdekat),Fresh Graduates
82,dda13a7f-e01e-4084-b353-9a7870744ff1,Bootcamp Data Science For Beginner Batch 9 - Mulai April 2024 (Kelas Terdekat),Umum
83,cae3f7d3-ef38-44cd-99ae-c2606063e41f,Bootcamp Data Science For Beginner Batch 9 - Mulai April 2024 (Kelas Terdekat),Pekerja aktif
84,26180c48-bfbb-4af5-b4ff-6a1aa15b9f84,Bootcamp Data Science For Beginner Batch 9 - Mulai April 2024 (Kelas Terdekat),Fresh Graduates
85,5cb0e54b-ec8d-46d8-8d81-eaa3e0687114,Bootcamp Data Science For Beginner Batch 8 - Mulai Februari 2024,Mahasiswa
86,ab3fe741-a432-4b93-97e7-ca7f86b14d56,Bootcamp Data Science For Beginner Batch 9 - Mulai April 2024 (Kelas Terdekat),Pekerja aktif
87,51c428b4-c4a7-4da8-86e1-1fa640026086,Bootcamp Data Science For Beginner Batch 9 - Mulai April 2024 (Kelas Terdekat),Mahasiswa
88,49e2e565-049d-4753-871a-2ec2587d386e,Bootcamp Data Science For Beginner Batch 8 - Mulai Februari 2024,Pekerja aktif
89,e59739bb-d66f-479b-92f8-1a526fb5a428,Bootcamp Data Science For Beginner Batch 9 - Mulai April 2024 (Kelas Terdekat),Fresh Graduates
90,cdb366d6-e302-45aa-b61c-6bb4bd827c4f,Bootcamp Data Science For Beginner Batch 9 - Mulai April 2024 (Kelas Terdekat),Pekerja aktif
91,bd3fa596-ba3b-4756-90a8-164d551c2b98,,Mahasiswa
92,5fb096ef-d891-4c20-aabc-80216c7d0ac6,,Fresh Graduates
93,e0c2a19b-d844-4f21-887c-a90f7c9b4346,Bootcamp Data Science For Beginner Batch 9 - Mulai April 2024 (Kelas Terdekat),Fresh Graduates
94,6be004f0-b701-4daa-b7e2-312b56f97129,,Umum
95,0b187bd8-2c9e-4c1a-ad95-1ac60fa3f39d,Bootcamp Data Science For Beginner Batch 9 - Mulai April 2024 (Kelas Terdekat),Pekerja aktif
96,7a024b41-0a4e-41dd-ad47-121884fa8a11,Bootcamp Data Science For Beginner Batch 9 - Mulai April 2024 (Kelas Terdekat),Pekerja aktif
97,a50dc3c0-5a19-4025-83eb-5812671c9480,Bootcamp Data Science For Beginner Batch 8 - Mulai Februari 2024,Pekerja aktif
98,d1560a24-8c99-4ae8-85f9-c9bf80991ce4,Bootcamp Data Science For Beginner Batch 9 - Mulai April 2024 (Kelas Terdekat),Mahasiswa
99,444bb96e-33b5-408b-8f36-792f40a9e402,Bootcamp Data Science For Beginner Batch 9 - Mulai April 2024 (Kelas Terdekat),Mahasiswa
100,11b7094b-b88a-4478-b067-09000dfe4062,,Pekerja aktif
101,637a2933-734a-4323-a7e9-7f9f79ad4dc4,Bootcamp Data Science For Beginner Batch 8 - Mulai Februari 2024,Fresh Graduates
102,1105bd82-4df4-4116-be5a-0fc3f7506907,,Pekerja aktif
103,a8272db8-0e9f-4372-a757-661bd02f9051,Bootcamp Data Science For Beginner Batch 9 - Mulai April 2024 (Kelas Terdekat),Fresh Graduates
104,c81c0d30-be22-4d14-a328-3760bfd5e023,Bootcamp Data Science For Beginner Batch 8 - Mulai Februari 2024,Mahasiswa
105,573f0cfc-29ec-4c96-b6fa-c4b9c5746ccf,Bootcamp Data Science For Beginner Batch 9 - Mulai April 2024 (Kelas Terdekat),Mahasiswa
106,a51ce71d-9acf-4e2f-b3bb-2d456a3de7ec,Bootcamp Data Science For Beginner Batch 9 - Mulai April 2024 (Kelas Terdekat),Fresh Graduates
107,4c618e0b-e52e-4b54-98ca-542b28fe4432,Bootcamp Data Science For Beginner Batch 9 - Mulai April 2024 (Kelas Terdekat),Mahasiswa
108,220cc7c6-0cef-413b-af2a-ec2208ceac65,Bootcamp Data Science For Beginner Batch 8 - Mulai Februari 2024,Fresh Graduates
109,5ea1e29a-d64c-4b9b-bf02-d7bb6e8b1156,Bootcamp Data Science For Beginner Batch 9 - Mulai April 2024 (Kelas Terdekat),Mahasiswa
110,f29b1b86-ab96-4876-889d-70b5955a01c7,Bootcamp Data Science For Beginner Batch 9 - Mulai April 2024 (Kelas Terdekat),Fresh Graduates
111,b50df7ff-04f6-45b6-b3fd-0d96d4fbcd61,,Fresh Graduates
112,5e6e310e-6abc-4e1a-b8e6-75b0a5b991b2,,Fresh Graduates
113,6e1d86b6-1249-4c44-a984-f1ea046d19b8,,Mahasiswa
114,9054ffc8-9df3-4b73-a700-17b228a19cba,Bootcamp Data Science For Beginner Batch 9 - Mulai April 2024 (Kelas Terdekat),Fresh Graduates
115,a04fce7c-b286-4d7c-a980-189ed10f7dcb,Bootcamp Data Science For Beginner Batch 9 - Mulai April 2024 (Kelas Terdekat),Mahasiswa
116,f443f8f7-c1f8-4b45-a91c-5a994f4c0ef6,Bootcamp Data Science For Beginner Batch 9 - Mulai April 2024 (Kelas Terdekat),Mahasiswa
117,e7d7ce10-2049-4fbe-8a69-710eb0c0b707,Bootcamp Data Science For Beginner Batch 8 - Mulai Februari 2024,Mahasiswa
118,ff9d3a2b-707a-4274-9447-421946699738,,Fresh Graduates
119,22b43ba7-0a64-49dd-bf2f-b6920e84a056,Bootcamp Data Science For Beginner Batch 9 - Mulai April 2024 (Kelas Terdekat),Mahasiswa
120,65f9bddd-fe54-4b4a-b2fa-8104c5db89c0,Bootcamp Data Science For Beginner Batch 9 - Mulai April 2024 (Kelas Terdekat),Mahasiswa
121,b19d51d1-cbaf-4d83-948a-e8f634e3ca48,,Fresh Graduates
122,68808f5c-066f-4afa-b2fa-ae7abe1e6ba5,Bootcamp Data Science For Beginner Batch 9 - Mulai April 2024 (Kelas Terdekat),Pekerja aktif
123,8f526ed2-d369-4494-ac76-83d6b718337f,Bootcamp Data Science For Beginner Batch 9 - Mulai April 2024 (Kelas Terdekat),Pekerja aktif
124,53204bad-4011-4a1a-b4d1-cee62543e32e,Bootcamp Data Science For Beginner Batch 8 - Mulai Februari 2024,Mahasiswa
125,9cdeb8f3-f6ad-44fd-bccb-390c69038d0b,Bootcamp Data Science For Beginner Batch 9 - Mulai April 2024 (Kelas Terdekat),Mahasiswa
126,d13135a7-9a68-4169-815e-981149a54291,Bootcamp Data Science For Beginner Batch 8 - Mulai Februari 2024,Mahasiswa
127,0bb3ee6a-85cc-4eb3-b648-e8c08e1364db,Bootcamp Data Science For Beginner Batch 9 - Mulai April 2024 (Kelas Terdekat),Fresh Graduates
128,fb0fdb0e-a962-4fa1-8447-b5f52235ffe8,Bootcamp Data Science For Beginner Batch 9 - Mulai April 2024 (Kelas Terdekat),Mahasiswa
129,9ac75f91-4f73-4df0-bb20-b7de3069baee,,Pekerja aktif
130,50fe2f3d-7fa4-43b4-b182-6ff9a0371dd4,Bootcamp Data Science For Beginner Batch 9 - Mulai April 2024 (Kelas Terdekat),Pekerja aktif
131,5d674651-5ef2-4f04-b0fd-1cb744d92488,Bootcamp Data Science For Beginner Batch 8 - Mulai Februari 2024,Fresh Graduates
132,24e8d7e7-70e0-47f0-835c-f03045861de5,Bootcamp Data Science For Beginner Batch 9 - Mulai April 2024 (Kelas Terdekat),Pekerja aktif
133,375b7df7-16cd-4376-965f-52dc0c4f3eb3,Bootcamp Data Science For Beginner Batch 9 - Mulai April 2024 (Kelas Terdekat),Fresh Graduates
134,39acfef6-976a-4ca5-a481-e5d887907fad,,Mahasiswa
135,ebcfc29b-0f9a-4a12-88c4-66d907cc65c9,,Mahasiswa
136,eb698920-996b-4bbd-b8a5-7414f307aa42,,Pekerja aktif
137,80b41e1b-5190-447f-b409-c16b01162cf0,Bootcamp Data Science For Beginner Batch 9 - Mulai April 2024 (Kelas Terdekat),Fresh Graduates
138,f6079976-5f69-482b-8b84-179dd5524bfa,,Pekerja aktif
139,f10cf3ff-f51e-442d-bee4-d1c0099c264c,Bootcamp Data Science For Beginner Batch 8 - Mulai Februari 2024,Mahasiswa
140,98101cf4-a26d-4e32-9f91-6f42993b3ea1,Bootcamp Data Science For Beginner Batch 9 - Mulai April 2024 (Kelas Terdekat),Pekerja aktif
141,a93b4520-48eb-4201-afbf-b8d72d7eb56a,Bootcamp Data Science For Beginner Batch 9 - Mulai April 2024 (Kelas Terdekat),Pekerja aktif
142,61dbc7bb-5997-4446-a7eb-5b0cd4ea98db,,Fresh Graduates
143,8e0fa808-9c9f-47f2-aaa1-6fd29a3c638d,,Fresh Graduates
144,7c7aeed7-f005-426d-aafd-368700609ba0,,Mahasiswa
145,1b06ccbe-4819-4c66-9629-77abef688416,,Pekerja aktif
146,9347de8d-7c8f-4fe7-bb9d-ccf63c729d89,Bootcamp Data Science For Beginner Batch 9 - Mulai April 2024 (Kelas Terdekat),Fresh Graduates
147,26321a8a-0e7d-451e-a0f3-787a7432d9cb,Bootcamp Data Science For Beginner Batch 9 - Mulai April 2024 (Kelas Terdekat),Fresh Graduates
148,a4272ae2-4e7e-4252-a49a-10445c387bc6,Bootcamp Data Science For Beginner Batch 9 - Mulai April 2024 (Kelas Terdekat),Mahasiswa
149,e62e4b0c-e929-48f4-ad21-f172df57e747,Bootcamp Data Science For Beginner Batch 8 - Mulai Februari 2024,Umum
150,2d1a4ae6-c125-4238-ae47-5496c45d5d8c,Bootcamp Data Science For Beginner Batch 9 - Mulai April 2024 (Kelas Terdekat),Mahasiswa
151,e33fe1f5-796c-4c1d-84c4-32eb396f9837,Bootcamp Data Science For Beginner Batch 9 - Mulai April 2024 (Kelas Terdekat),Fresh Graduates
152,4e5e83e4-af3a-4513-ae2d-281f7991fdb7,Bootcamp Data Science For Beginner Batch 8 - Mulai Februari 2024,Pekerja aktif
153,df68b52d-88f5-4b15-9731-39301acac35b,Bootcamp Data Science For Beginner Batch 9 - Mulai April 2024 (Kelas Terdekat),Fresh Graduates
154,c3199038-0991-484e-bfee-899557351e13,Bootcamp Data Science For Beginner Batch 9 - Mulai April 2024 (Kelas Terdekat),Fresh Graduates
155,ede1c719-13be-432a-958d-e5e220f7b972,,Fresh Graduates
156,af8a0613-364e-42b4-903f-c2ea6ed41cea,Bootcamp Data Science For Beginner Batch 8 - Mulai Februari 2024,Fresh Graduates
157,c393b545-0428-4a31-927b-e603aa307049,Bootcamp Data Science For Beginner Batch 9 - Mulai April 2024 (Kelas Terdekat),Fresh Graduates
158,1a26488b-6cd0-47ce-a93f-a8b4c8da09e2,Bootcamp Data Science For Beginner Batch 9 - Mulai April 2024 (Kelas Terdekat),Fresh Graduates
159,d056ef76-a2d5-4e81-9a82-0a5190a878e8,Bootcamp Data Science For Beginner Batch 9 - Mulai April 2024 (Kelas Terdekat),Mahasiswa
160,f5d4a203-e308-452c-86e4-9412e871f2e8,Bootcamp Data Science For Beginner Batch 9 - Mulai April 2024 (Kelas Terdekat),Umum
161,9e679f83-7105-4a2c-b9d2-82964ea88b4f,,Fresh Graduates
162,20d213ef-76bf-41bb-bc87-9ffcfa2127bc,,Mahasiswa
163,8c8342e9-a790-4117-b607-5415d372b7f6,Bootcamp Data Science For Beginner Batch 9 - Mulai April 2024 (Kelas Terdekat),Pekerja aktif
164,a21eedda-983a-47dd-81fc-20e1b1f34d9e,,Fresh Graduates
165,6f680a58-6e7f-4b24-ab2a-8f615cd14a21,Bootcamp Data Science For Beginner Batch 9 - Mulai April 2024 (Kelas Terdekat),Umum
166,d5b84e64-0316-493b-9d2d-3d5a49490e9c,Bootcamp Data Science For Beginner Batch 8 - Mulai Februari 2024,Fresh Graduates
167,85c289f3-c492-4b55-91f1-25a199c58832,Bootcamp Data Science For Beginner Batch 9 - Mulai April 2024 (Kelas Terdekat),Mahasiswa
168,8cc0183c-f480-475a-a25b-559f3576b7c5,Bootcamp Data Science For Beginner Batch 9 - Mulai April 2024 (Kelas Terdekat),Pekerja aktif
169,86677349-04ed-425a-b521-0389359ed54e,Bootcamp Data Science For Beginner Batch 9 - Mulai April 2024 (Kelas Terdekat),Umum
170,455e0529-272b-4550-95d5-a0bdb835ca9f,Bootcamp Data Science For Beginner Batch 9 - Mulai April 2024 (Kelas Terdekat),Umum
171,20c3a3f4-11c6-43d4-a63d-88f54b3b8096,Bootcamp Data Science For Beginner Batch 9 - Mulai April 2024 (Kelas Terdekat),Fresh Graduates
172,acf94512-66a4-418e-98d7-dfc6c4691d80,,Fresh Graduates
173,7428131a-f272-433f-b7ae-725af2ab628d,,Fresh Graduates
174,a137710a-0bfc-4d4e-be3b-2aa711ee0d7c,Bootcamp Data Science For Beginner Batch 9 - Mulai April 2024 (Kelas Terdekat),Pekerja aktif
175,58d13a75-2efb-4254-85fa-13bdb2ac2156,Bootcamp Data Science For Beginner Batch 9 - Mulai April 2024 (Kelas Terdekat),Fresh Graduates
176,9edfb2eb-d613-48d3-bce6-bc81bffc2ac7,Bootcamp Data Science For Beginner Batch 9 - Mulai April 2024 (Kelas Terdekat),Pekerja aktif
177,8905a79c-4956-4918-b85f-f194e57c2e62,Bootcamp Data Science For Beginner Batch 9 - Mulai April 2024 (Kelas Terdekat),Pekerja aktif
178,eb90a88d-20c0-4c51-98f1-a67bc873c84d,Bootcamp Data Science For Beginner Batch 8 - Mulai Februari 2024,Mahasiswa
179,7c900363-ac5f-43a0-ae64-d5bb23688d88,Bootcamp Data Science For Beginner Batch 9 - Mulai April 2024 (Kelas Terdekat),Umum
180,493c0fa8-bb96-4b13-b9fb-93abb37b65e7,Bootcamp Data Science For Beginner Batch 9 - Mulai April 2024 (Kelas Terdekat),Umum
181,f9c4d67a-8176-4831-b098-8d866ed2dd52,Bootcamp Data Science For Beginner Batch 9 - Mulai April 2024 (Kelas Terdekat),Umum
182,c44b54b6-297d-4d1f-a5cc-1fbf039d492b,Bootcamp Data Science For Beginner Batch 9 - Mulai April 2024 (Kelas Terdekat),Umum
183,7828cf51-b3a0-48db-8231-70513625208a,,Fresh Graduates
184,ac687490-2263-42a4-b629-41f9cb808ec3,Bootcamp Data Science For Beginner Batch 8 - Mulai Februari 2024,Mahasiswa
185,ae0bc742-9002-4ac9-b183-a2041b84bc8b,Bootcamp Data Science For Beginner Batch 9 - Mulai April 2024 (Kelas Terdekat),Mahasiswa
186,5ef1e3ae-45e5-41e7-956b-4cef7dcf95b5,Bootcamp Data Science For Beginner Batch 9 - Mulai April 2024 (Kelas Terdekat),Pekerja aktif
187,2c7871c7-4bd5-43a8-aa2c-3c65fc33736c,Bootcamp Data Science For Beginner Batch 8 - Mulai Februari 2024,Pekerja aktif
188,927c3ada-c329-468f-8b53-036feb07b813,Bootcamp Data Science For Beginner Batch 9 - Mulai April 2024 (Kelas Terdekat),Fresh Graduates
189,2f520f04-c2d9-4b9c-a029-6f9df9507b70,,Fresh Graduates
190,fefb10d9-4247-4d30-b89d-9efd8c703bf1,Bootcamp Data Science For Beginner Batch 8 - Mulai Februari 2024,Fresh Graduates
191,9272dcff-3d6f-401f-9f68-7c06df177b96,Bootcamp Data Science For Beginner Batch 9 - Mulai April 2024 (Kelas Terdekat),Mahasiswa
192,9798eef8-20b9-4df4-a0de-81ed2227b9bf,Bootcamp Data Science For Beginner Batch 9 - Mulai April 2024 (Kelas Terdekat),Umum
193,83da35e2-88ab-4562-9f43-c192ecdaed1e,Bootcamp Data Science For Beginner Batch 8 - Mulai Februari 2024,Mahasiswa
194,581e0c61-097c-43a1-807a-d1f21bf13e0c,Bootcamp Data Science For Beginner Batch 9 - Mulai April 2024 (Kelas Terdekat),Mahasiswa
195,3c24d078-c8f8-4f83-ab59-6d25c5b84bc2,Bootcamp Data Science For Beginner Batch 9 - Mulai April 2024 (Kelas Terdekat),Pekerja aktif
196,e490e589-c757-4a79-9fb9-b96dc034c08b,,Mahasiswa
197,41ae8e3f-715e-4fe0-aa5f-75aca345731c,Bootcamp Data Science For Beginner Batch 8 - Mulai Februari 2024,Pekerja aktif
198,a9bdcbf6-4345-477c-a7a8-a7a09b29bd64,Bootcamp Data Science For Beginner Batch 8 - Mulai Februari 2024,Mahasiswa
199,2b7f0ba7-166f-43e5-9c60-056b72b479a4,Bootcamp Data Science For Beginner Batch 8 - Mulai Februari 2024,Mahasiswa
200,8aef2d51-8022-4436-a3a6-8c80ea4e0d91,Bootcamp Data Science For Beginner Batch 9 - Mulai April 2024 (Kelas Terdekat),Mahasiswa
201,d975480c-d90f-414e-a9e1-b1288c4fbd1c,Bootcamp Data Science For Beginner Batch 9 - Mulai April 2024 (Kelas Terdekat),Fresh Graduates
202,789055e5-3d0a-423a-bd82-c9fcfdf03bac,Bootcamp Data Science For Beginner Batch 9 - Mulai April 2024 (Kelas Terdekat),Umum
203,6e83b88a-84c4-4f8a-8fa9-9ff48e48fa49,Bootcamp Data Science For Beginner Batch 9 - Mulai April 2024 (Kelas Terdekat),Fresh Graduates
204,e9877472-82b1-472c-8e62-929561e5e2e7,,Fresh Graduates
205,207a3175-fda0-43fb-8b30-c257bf055847,Bootcamp Data Science For Beginner Batch 9 - Mulai April 2024 (Kelas Terdekat),Umum
206,18ef96e8-9a73-4678-8c6c-772ce127d7f9,Bootcamp Data Science For Beginner Batch 9 - Mulai April 2024 (Kelas Terdekat),Mahasiswa
207,2d289025-ff1e-4ba7-a201-6b6053e593e8,Bootcamp Data Science For Beginner Batch 9 - Mulai April 2024 (Kelas Terdekat),Fresh Graduates
208,9dafb395-690f-4613-9aed-1761724d82c8,Bootcamp Data Science For Beginner Batch 8 - Mulai Februari 2024,Fresh Graduates
209,fe2ef5d1-e5b0-4c59-b553-8a14aa6485fd,Bootcamp Data Science For Beginner Batch 8 - Mulai Februari 2024,Fresh Graduates
210,79ce6eb0-d1d0-42fe-b157-1bb64abf5596,Bootcamp Data Science For Beginner Batch 9 - Mulai April 2024 (Kelas Terdekat),Pekerja aktif
211,4ac5d5c7-fcf8-4d13-8384-5e452e3c04af,Bootcamp Data Science For Beginner Batch 9 - Mulai April 2024 (Kelas Terdekat),Fresh Graduates
212,de26149b-380f-42c9-bdc1-a8584f2c5233,,Mahasiswa
213,cbaaf4cd-85c3-4140-9033-acedf90fa1cb,Bootcamp Data Science For Beginner Batch 9 - Mulai April 2024 (Kelas Terdekat),Mahasiswa
214,6e65b841-848c-46e7-a8b3-15ca81055f6a,Bootcamp Data Science For Beginner Batch 9 - Mulai April 2024 (Kelas Terdekat),Fresh Graduates
215,f05a9269-3068-486a-b87d-fda9d757275c,Bootcamp Data Science For Beginner Batch 9 - Mulai April 2024 (Kelas Terdekat),Fresh Graduates
216,23f67700-5b2a-4ebb-a7a6-2b6bd78cea75,,Fresh Graduates
217,c43a7404-eeeb-4714-9bc9-598b448da6f9,Bootcamp Data Science For Beginner Batch 8 - Mulai Februari 2024,Mahasiswa
218,f09830ac-90c9-4f96-82d2-30a969c28516,Bootcamp Data Science For Beginner Batch 9 - Mulai April 2024 (Kelas Terdekat),Fresh Graduates
219,b8d47eb3-c03a-46ae-9ccb-29bb9f61162b,,Mahasiswa
220,366c8261-243e-4eab-9695-6df81979597a,,Pekerja aktif
221,ae40a3a5-e900-4cbc-8955-280bd7529d92,,Fresh Graduates
222,0abe9114-4d57-4368-9b74-8ff8d5ab22cf,Bootcamp Data Science For Beginner Batch 8 - Mulai Februari 2024,Mahasiswa
223,be1f9c71-c6b8-48c6-84bb-6ef5174954aa,Bootcamp Data Science For Beginner Batch 9 - Mulai April 2024 (Kelas Terdekat),Fresh Graduates
224,87fe0f9e-2ee2-4524-895b-5cb68e7b55ab,Bootcamp Data Science For Beginner Batch 8 - Mulai Februari 2024,Pekerja aktif
225,f63a1efa-33c6-40c7-8688-ef9d34466284,,Umum
226,e9b443df-a15c-4c9f-b225-c44096cdcb9e,Bootcamp Data Science For Beginner Batch 8 - Mulai Februari 2024,Fresh Graduates
227,a5a4ee5b-8385-4dfb-9185-a1deb1531cdb,Bootcamp Data Science For Beginner Batch 9 - Mulai April 2024 (Kelas Terdekat),Mahasiswa
228,efee5412-be59-448d-9f6e-9a7dcf201113,Bootcamp Data Science For Beginner Batch 8 - Mulai Februari 2024,Pekerja aktif
229,9c190f0c-c070-4a52-946b-462086f30106,Bootcamp Data Science For Beginner Batch 8 - Mulai Februari 2024,Mahasiswa
230,2b9d541b-cc79-4e7a-8aca-958bed3b2c61,,Umum
231,55284c4b-b914-4e5d-9551-79d8f5b4eb5d,,Mahasiswa
232,e70f6ce4-4606-4a3d-a5cb-3c22ac67b4ea,Bootcamp Data Science For Beginner Batch 9 - Mulai April 2024 (Kelas Terdekat),Mahasiswa
233,393c8d69-3a0e-414a-8b81-6b069e1d3432,Bootcamp Data Science For Beginner Batch 9 - Mulai April 2024 (Kelas Terdekat),Pekerja aktif
234,b7ba5486-611f-4ead-9e37-51de7d6961bb,Bootcamp Data Science For Beginner Batch 9 - Mulai April 2024 (Kelas Terdekat),Fresh Graduates
235,7c032388-80b3-48e9-be91-56bf32f69e9c,,Pekerja aktif
236,651aa3c1-3bba-4b30-9471-e0f7857900f7,Bootcamp Data Science For Beginner Batch 9 - Mulai April 2024 (Kelas Terdekat),Mahasiswa
237,d99430cc-3810-4660-823f-02144b19ea3d,Bootcamp Data Science For Beginner Batch 9 - Mulai April 2024 (Kelas Terdekat),Mahasiswa
238,934eaca0-2d10-4419-8175-7812976e2931,Bootcamp Data Science For Beginner Batch 9 - Mulai April 2024 (Kelas Terdekat),Umum
239,3715dae0-d872-499f-8f0c-fabf940e2bc0,Bootcamp Data Science For Beginner Batch 9 - Mulai April 2024 (Kelas Terdekat),Fresh Graduates
240,ad7840ca-5f92-40dd-963a-5f8460b3a9dd,Bootcamp Data Science For Beginner Batch 9 - Mulai April 2024 (Kelas Terdekat),Mahasiswa
241,c7bf0ed5-820e-4544-920d-c50b944dec2c,Bootcamp Data Science For Beginner Batch 9 - Mulai April 2024 (Kelas Terdekat),Umum
242,a2b117e7-ab57-476e-831c-33f7ceb1aa35,Bootcamp Data Science For Beginner Batch 9 - Mulai April 2024 (Kelas Terdekat),Fresh Graduates
243,c0db802b-635c-4f93-b4cb-7d9883a43093,Bootcamp Data Science For Beginner Batch 9 - Mulai April 2024 (Kelas Terdekat),Fresh Graduates
244,c6990f5b-cd7a-4dda-a877-6155653d134e,Bootcamp Data Science For Beginner Batch 9 - Mulai April 2024 (Kelas Terdekat),Mahasiswa
245,b5ed5b65-c1bf-4b2f-b650-e60a5139f1bc,Bootcamp Data Science For Beginner Batch 9 - Mulai April 2024 (Kelas Terdekat),Fresh Graduates
246,820fb470-45af-4458-a617-8ea1f9d8915d,Bootcamp Data Science For Beginner Batch 9 - Mulai April 2024 (Kelas Terdekat),Pekerja aktif
247,1d9c5351-1850-448d-a113-86faf797165f,Bootcamp Data Science For Beginner Batch 9 - Mulai April 2024 (Kelas Terdekat),Mahasiswa
248,ac1781e0-796b-4d94-a324-680e348fe2cb,Bootcamp Data Science For Beginner Batch 9 - Mulai April 2024 (Kelas Terdekat),Mahasiswa
249,de511cef-1fc8-493b-bb99-d9ba30a042c9,Bootcamp Data Science For Beginner Batch 8 - Mulai Februari 2024,Mahasiswa
250,f21916d7-d541-4ce8-a39b-d7f0276da589,Bootcamp Data Science For Beginner Batch 9 - Mulai April 2024 (Kelas Terdekat),Pekerja aktif
251,6f9ed042-aee1-4527-9335-284bb7d27521,,Umum
252,9a72950d-597c-4488-8d80-702130f485ee,Bootcamp Data Science For Beginner Batch 9 - Mulai April 2024 (Kelas Terdekat),Mahasiswa
253,a07d4949-be64-47ce-b0d2-c4b3e775404e,Bootcamp Data Science For Beginner Batch 9 - Mulai April 2024 (Kelas Terdekat),Fresh Graduates
254,aac4a278-e82f-40cc-9662-861f6b2ac634,,Mahasiswa
255,b52aa66d-49b6-4823-b15d-19817ab072ab,Bootcamp Data Science For Beginner Batch 8 - Mulai Februari 2024,Pekerja aktif
256,e0766991-32fc-4294-b1e2-a0dff52c64f2,Bootcamp Data Science For Beginner Batch 9 - Mulai April 2024 (Kelas Terdekat),Fresh Graduates
257,e11ba41b-805a-4223-afa6-67c773666985,Bootcamp Data Science For Beginner Batch 8 - Mulai Februari 2024,Pekerja aktif
258,37801059-5d8a-4bb8-ac44-c92f83dbfa3a,Bootcamp Data Science For Beginner Batch 9 - Mulai April 2024 (Kelas Terdekat),Fresh Graduates
259,11cb3da8-b076-4554-b86b-ad619773b101,Bootcamp Data Science For Beginner Batch 9 - Mulai April 2024 (Kelas Terdekat),Fresh Graduates
260,a997b75b-15b5-4973-bd5c-0372fd8cb344,Bootcamp Data Science For Beginner Batch 9 - Mulai April 2024 (Kelas Terdekat),Pekerja aktif
261,e42c716f-8970-4881-89c6-3db8a37ccd35,,Fresh Graduates
262,d5bb291b-06cc-4dec-968a-ce7db7529f77,Bootcamp Data Science For Beginner Batch 9 - Mulai April 2024 (Kelas Terdekat),Fresh Graduates
263,adc0ba52-ad0c-4888-9527-72d7900b42bd,Bootcamp Data Science For Beginner Batch 8 - Mulai Februari 2024,Umum
264,53f8916f-1f81-4fd4-ba7e-b3574e6852eb,,Umum
265,1699c2dd-b2b5-4756-bc87-a4b933c25c01,,Pekerja aktif
266,f8a5ac4a-6f9a-4356-a9d7-142b91a4c9a4,Bootcamp Data Science For Beginner Batch 9 - Mulai April 2024 (Kelas Terdekat),Pekerja aktif
267,0c2d68f2-4d17-4dab-b9a1-d0bdf4e10ce4,Bootcamp Data Science For Beginner Batch 8 - Mulai Februari 2024,Fresh Graduates
268,ed2064be-7d40-4f59-9e7d-d7e7dd54b118,,Fresh Graduates
269,d057bbf9-c5fa-420a-9bb9-1f6322853d1c,Bootcamp Data Science For Beginner Batch 9 - Mulai April 2024 (Kelas Terdekat),Fresh Graduates
270,f2708137-31a5-416c-bbff-7155fb5aa25c,Bootcamp Data Science For Beginner Batch 9 - Mulai April 2024 (Kelas Terdekat),Mahasiswa
271,be5ec881-1245-4f55-9f25-8f76599294aa,,Fresh Graduates
272,9a61b41c-a3e3-4ee1-b5d0-fd87681fe92a,Bootcamp Data Science For Beginner Batch 9 - Mulai April 2024 (Kelas Terdekat),Mahasiswa
273,f6a23d22-7609-4675-b15a-07e2ac92d770,,Mahasiswa
274,5805dec2-b9a9-4314-9e19-729737c7a6c6,Bootcamp Data Science For Beginner Batch 8 - Mulai Februari 2024,Mahasiswa
275,984f5641-df2b-40ba-83b2-61ba8eabc65c,,Pekerja aktif
276,af410c09-749d-4f0b-bdb1-f3d0e42a2b0f,Bootcamp Data Science For Beginner Batch 8 - Mulai Februari 2024,Fresh Graduates
277,2e276933-00b1-44a5-93f7-8327f3fcca83,Bootcamp Data Science For Beginner Batch 9 - Mulai April 2024 (Kelas Terdekat),Umum
278,899d5675-9fe8-4dde-af03-7b62ba95428c,Bootcamp Data Science For Beginner Batch 8 - Mulai Februari 2024,Fresh Graduates
279,ceb7a529-86be-4dc4-b116-38797aabd2dd,,Fresh Graduates
280,f2359723-11a9-4415-8278-4adb624d9e6b,Bootcamp Data Science For Beginner Batch 9 - Mulai April 2024 (Kelas Terdekat),Fresh Graduates
281,58326bf0-4f33-4c16-b328-cc206f87d423,,Mahasiswa
282,5c1e8c88-6c25-4e21-99e7-98f3140d754f,Bootcamp Data Science For Beginner Batch 9 - Mulai April 2024 (Kelas Terdekat),Mahasiswa
283,5cf62f0f-9b68-4dd7-9dd1-78727e147558,Bootcamp Data Science For Beginner Batch 8 - Mulai Februari 2024,Fresh Graduates
284,93515f8d-d789-46de-bb36-728e6b16625a,Bootcamp Data Science For Beginner Batch 8 - Mulai Februari 2024,Mahasiswa
285,5d11e9c3-db2d-42ce-a4b2-676294bcab5c,Bootcamp Data Science For Beginner Batch 9 - Mulai April 2024 (Kelas Terdekat),Pekerja aktif
286,7d446322-1542-4988-929c-6542663cfe0c,,Pekerja aktif
287,caa1cb22-fbe5-43dd-bba4-11dd60e108aa,,Pekerja aktif
288,29db820a-86ac-4510-88f7-184d6f9dcf9c,Bootcamp Data Science For Beginner Batch 9 - Mulai April 2024 (Kelas Terdekat),Mahasiswa
289,b5bc6003-dc35-4ca6-b16c-1752ffb0d186,Bootcamp Data Science For Beginner Batch 9 - Mulai April 2024 (Kelas Terdekat),Fresh Graduates
290,6b544598-bc17-4e6f-9cd4-987f46c83902,Bootcamp Data Science For Beginner Batch 8 - Mulai Februari 2024,Pekerja aktif
291,b94abf88-995e-47ac-9dae-0fc713c19fd9,Bootcamp Data Science For Beginner Batch 9 - Mulai April 2024 (Kelas Terdekat),Fresh Graduates
292,c005b690-b142-4d65-85e4-6ae65a48024d,Bootcamp Data Science For Beginner Batch 9 - Mulai April 2024 (Kelas Terdekat),Fresh Graduates
293,c44794ff-60de-42e8-9ac1-d221a8ab29c0,Bootcamp Data Science For Beginner Batch 9 - Mulai April 2024 (Kelas Terdekat),Mahasiswa
294,e10e6103-9fa7-4a16-bfe4-f437f8ccfdbc,Bootcamp Data Science For Beginner Batch 9 - Mulai April 2024 (Kelas Terdekat),Fresh Graduates
295,c34aed25-5a2c-400e-ba87-7168d634e3bd,Bootcamp Data Science For Beginner Batch 9 - Mulai April 2024 (Kelas Terdekat),Fresh Graduates
296,d1f141a2-1152-4522-ac13-eb572de63737,Bootcamp Data Science For Beginner Batch 9 - Mulai April 2024 (Kelas Terdekat),Fresh Graduates
297,6d494d2e-4ab9-4884-b620-e73214923863,Bootcamp Data Science For Beginner Batch 8 - Mulai Februari 2024,Pekerja aktif
298,357bbbdb-8186-4709-a792-2b49f743fad2,Bootcamp Data Science For Beginner Batch 9 - Mulai April 2024 (Kelas Terdekat),Fresh Graduates
299,f4470d04-89ee-4c8e-99d8-4ed12535524b,,Mahasiswa
300,15500f87-5d38-4e31-b34d-fe209c3a5de4,,Mahasiswa
301,da0a8407-c3fa-42bc-bd2b-23e1c7cde8a9,,Pekerja aktif
302,921eaf8b-9aee-46c9-8e43-76663964131c,Bootcamp Data Science For Beginner Batch 9 - Mulai April 2024 (Kelas Terdekat),Fresh Graduates
303,e469cc62-5dfe-42a1-be57-e686c98e01c6,Bootcamp Data Science For Beginner Batch 9 - Mulai April 2024 (Kelas Terdekat),Mahasiswa
304,ed9b6e30-d898-4452-97e1-ccbcff4a27bb,Bootcamp Data Science For Beginner Batch 8 - Mulai Februari 2024,Umum
305,40c6a39c-67fc-4202-b18e-ef0e0185bdd3,Bootcamp Data Science For Beginner Batch 9 - Mulai April 2024 (Kelas Terdekat),Mahasiswa
306,9fdd2e9f-bbb9-4c36-ad62-91b8914dd0ea,,Mahasiswa
307,d1adf242-5e1a-4a78-9c07-f0ba06758c42,Bootcamp Data Science For Beginner Batch 8 - Mulai Februari 2024,Pekerja aktif
308,3ebec66e-6765-4b6b-a97a-c0eb8314e327,Bootcamp Data Science For Beginner Batch 8 - Mulai Februari 2024,Mahasiswa
309,0e97a2f7-f21a-4142-b564-eac1d55150cb,Bootcamp Data Science For Beginner Batch 9 - Mulai April 2024 (Kelas Terdekat),Mahasiswa
310,91e4721c-9e62-45f6-874a-878f40489739,,Mahasiswa
311,fcf4ee65-4267-4b08-bb3d-1860d83cb6e0,Bootcamp Data Science For Beginner Batch 8 - Mulai Februari 2024,Fresh Graduates
312,b8b1fa86-8f82-4898-a242-72dfdcfc0b75,Bootcamp Data Science For Beginner Batch 9 - Mulai April 2024 (Kelas Terdekat),Fresh Graduates
313,96491651-a46d-4fae-84ea-64c3c00a3071,,Mahasiswa
314,c6843a46-7606-45f7-a642-7dfbe9bb61cf,Bootcamp Data Science For Beginner Batch 8 - Mulai Februari 2024,Pekerja aktif
315,84d29b44-26c6-4b05-8a67-31831d35be32,Bootcamp Data Science For Beginner Batch 9 - Mulai April 2024 (Kelas Terdekat),Fresh Graduates
316,b8617d9b-d83b-4256-a87a-6edeaaedc6ba,Bootcamp Data Science For Beginner Batch 9 - Mulai April 2024 (Kelas Terdekat),Fresh Graduates
317,2c867a72-877a-4cfb-8d18-01990c6c4846,Bootcamp Data Science For Beginner Batch 8 - Mulai Februari 2024,Mahasiswa
318,88f20ee0-e749-487f-a908-12f8ab47142b,Bootcamp Data Science For Beginner Batch 9 - Mulai April 2024 (Kelas Terdekat),Fresh Graduates
319,e8cf2675-3727-4525-970c-77eff23acff5,Bootcamp Data Science For Beginner Batch 8 - Mulai Februari 2024,Mahasiswa
320,5d6539ff-441b-46cc-af23-5b77ff05230e,,Fresh Graduates
321,4afd54fc-f5e7-41c3-beaf-b9b1270a218c,Bootcamp Data Science For Beginner Batch 9 - Mulai April 2024 (Kelas Terdekat),Mahasiswa
322,1b8f176a-44b5-4b9f-b3aa-7fd66e2c5697,Bootcamp Data Science For Beginner Batch 8 - Mulai Februari 2024,Mahasiswa
323,b2120df0-7828-41fd-8a67-19bf1554d594,,Pekerja aktif
324,cbce132e-cb8f-4aac-a1c1-a776704aebef,Bootcamp Data Science For Beginner Batch 9 - Mulai April 2024 (Kelas Terdekat),Mahasiswa
325,391319c2-41bc-4213-ba51-0e06718e1803,Bootcamp Data Science For Beginner Batch 8 - Mulai Februari 2024,Fresh Graduates
326,8bad8df3-fd1c-47eb-a830-cd085d8918f1,Bootcamp Data Science For Beginner Batch 9 - Mulai April 2024 (Kelas Terdekat),Mahasiswa
327,1f4653ef-22c9-4df4-acae-3ce6dcf43075,Bootcamp Data Science For Beginner Batch 9 - Mulai April 2024 (Kelas Terdekat),Fresh Graduates
328,6f2f152e-fe85-4611-857a-528266761927,Bootcamp Data Science For Beginner Batch 9 - Mulai April 2024 (Kelas Terdekat),Mahasiswa
329,9c7b2243-d03e-419c-babb-f8b3ea3c8400,Bootcamp Data Science For Beginner Batch 9 - Mulai April 2024 (Kelas Terdekat),Pekerja aktif
330,a47a4348-5295-48e9-aea3-acb821b95f11,,Pekerja aktif
331,6e77a16f-1fc0-43a6-bf10-ef592e2084ea,Bootcamp Data Science For Beginner Batch 8 - Mulai Februari 2024,Umum
332,14d84dec-8ae5-46d1-aebd-b3aa52f097ff,,Mahasiswa
333,5fab557d-756e-44e7-8f28-2896570692b2,,Mahasiswa
334,5d8a1dd5-498e-47ba-8bfc-62763467a996,Bootcamp Data Science For Beginner Batch 9 - Mulai April 2024 (Kelas Terdekat),Pekerja aktif
335,273a109b-52b8-4925-8536-22ceb3b716dc,Bootcamp Data Science For Beginner Batch 8 - Mulai Februari 2024,Mahasiswa
336,3cd61aab-db88-4ef9-8be4-5f94ff9698e7,Bootcamp Data Science For Beginner Batch 9 - Mulai April 2024 (Kelas Terdekat),Fresh Graduates
337,eb5ab705-64b5-4824-80b1-748c0c01560b,Bootcamp Data Science For Beginner Batch 9 - Mulai April 2024 (Kelas Terdekat),Fresh Graduates
338,5febecf8-2d9f-471b-9303-cd8dd0f658af,Bootcamp Data Science For Beginner Batch 8 - Mulai Februari 2024,Fresh Graduates
339,6b792bd6-6f66-4692-b446-832cc13edc39,Bootcamp Data Science For Beginner Batch 9 - Mulai April 2024 (Kelas Terdekat),Mahasiswa
340,606ef552-6427-489e-aec2-43a4a17643e2,,Mahasiswa
341,8836f623-a6e4-442f-aa50-99c436187488,Bootcamp Data Science For Beginner Batch 8 - Mulai Februari 2024,Mahasiswa
342,0f1a02d0-badb-422e-a97f-76df0e23f581,,Pekerja aktif
343,7fab4381-0d58-4c87-890a-00f892c6b4d3,Bootcamp Data Science For Beginner Batch 9 - Mulai April 2024 (Kelas Terdekat),Pekerja aktif
344,4ff66c05-68eb-4bc1-9ed7-4ca15066eb3c,Bootcamp Data Science For Beginner Batch 9 - Mulai April 2024 (Kelas Terdekat),Fresh Graduates
345,3418969d-5c13-46ee-8df0-794019e7a64f,,Mahasiswa
346,95914d89-1f22-4630-8d62-91f2d8d0ed88,,Mahasiswa
347,abeb14a7-d8db-429f-9acc-79ef8cdf9a02,,Pekerja aktif
348,22c4015e-dc9e-4d9e-b7f2-3a69fe57a3b8,Bootcamp Data Science For Beginner Batch 9 - Mulai April 2024 (Kelas Terdekat),Mahasiswa
349,0b5bc2f8-6b6b-4cd8-abdd-7c9350676492,Bootcamp Data Science For Beginner Batch 9 - Mulai April 2024 (Kelas Terdekat),Umum
350,38f9af29-497a-49e7-b561-797d2a207cf0,Bootcamp Data Science For Beginner Batch 9 - Mulai April 2024 (Kelas Terdekat),Mahasiswa
351,b8711a0e-32ab-47db-aeb9-91be60b918a4,,Mahasiswa
352,77a3f484-80a6-4184-b278-fc2ba7a9bc4d,,Mahasiswa
353,0d81df22-243d-48a5-829e-9b4954d5cd5b,Bootcamp Data Science For Beginner Batch 9 - Mulai April 2024 (Kelas Terdekat),Fresh Graduates
354,b1d1a983-98bc-441f-96bf-b92fd2c78493,Bootcamp Data Science For Beginner Batch 9 - Mulai April 2024 (Kelas Terdekat),Mahasiswa
355,4073acaa-d216-4e04-8729-bfadada4d095,Bootcamp Data Science For Beginner Batch 9 - Mulai April 2024 (Kelas Terdekat),Mahasiswa
356,95d5bb8d-2790-43d4-a0a3-970e5fe6ac19,Bootcamp Data Science For Beginner Batch 8 - Mulai Februari 2024,Pekerja aktif
357,60a29855-f1ba-4d16-a0e5-45fdc18d8780,Bootcamp Data Science For Beginner Batch 8 - Mulai Februari 2024,Mahasiswa
358,1da45063-2dc1-41f2-88ea-7f61fe7f9a19,Bootcamp Data Science For Beginner Batch 9 - Mulai April 2024 (Kelas Terdekat),Pekerja aktif
359,3ad458ed-6069-4907-a71e-efda23c5abff,,Mahasiswa
360,0d5f41b7-3ab8-478c-836a-767823fd4c82,Bootcamp Data Science For Beginner Batch 9 - Mulai April 2024 (Kelas Terdekat),Pekerja aktif
361,ec3f623a-65f2-4b0d-937b-d0d1c4325976,Bootcamp Data Science For Beginner Batch 9 - Mulai April 2024 (Kelas Terdekat),Pekerja aktif
362,ce6e85c5-f384-4d46-b67e-a4ca72252a0a,Bootcamp Data Science For Beginner Batch 9 - Mulai April 2024 (Kelas Terdekat),Mahasiswa
363,22573f4b-b316-4b08-8b75-d05541ea7fcd,Bootcamp Data Science For Beginner Batch 8 - Mulai Februari 2024,Pekerja aktif
364,558a3ec4-7fbc-40e7-9553-f8cff87516c7,Bootcamp Data Science For Beginner Batch 9 - Mulai April 2024 (Kelas Terdekat),Fresh Graduates
365,93cc8629-4757-4a91-acbe-cb586e385c66,Bootcamp Data Science For Beginner Batch 9 - Mulai April 2024 (Kelas Terdekat),Mahasiswa
366,ff4a3b75-5599-4d90-95f0-8a1bf29c5849,Bootcamp Data Science For Beginner Batch 9 - Mulai April 2024 (Kelas Terdekat),Pekerja aktif
367,a59fa924-4733-471c-8754-f6595cd0e6f1,Bootcamp Data Science For Beginner Batch 8 - Mulai Februari 2024,Mahasiswa
368,8c45b709-a6d6-49b8-b996-e76dc0934213,Bootcamp Data Science For Beginner Batch 9 - Mulai April 2024 (Kelas Terdekat),Mahasiswa
369,789b8d4b-a8d0-430d-9fd4-29d445b2f6f2,Bootcamp Data Science For Beginner Batch 9 - Mulai April 2024 (Kelas Terdekat),Mahasiswa
370,c233c56b-6f1a-4f53-9f27-e39f5220f9d3,,Umum
371,357a2790-e856-4dd3-a0f5-8f6e14d0267f,,Mahasiswa
372,d9196f86-a4c4-48aa-89e6-1f61947b8201,Bootcamp Data Science For Beginner Batch 9 - Mulai April 2024 (Kelas Terdekat),Fresh Graduates
373,689f72f3-8a26-4eb9-abf2-c41108bc5bb6,Bootcamp Data Science For Beginner Batch 9 - Mulai April 2024 (Kelas Terdekat),Mahasiswa
374,c1843817-41a0-4488-9c7a-5a537f4659b5,,Mahasiswa
375,752ccf1a-c3a9-463a-af5a-ee8a0815ddad,Bootcamp Data Science For Beginner Batch 9 - Mulai April 2024 (Kelas Terdekat),Pekerja aktif
376,bd3c3d70-fe18-477c-bdc3-51c106bd41b5,Bootcamp Data Science For Beginner Batch 9 - Mulai April 2024 (Kelas Terdekat),Fresh Graduates
377,802f27c7-ea1a-4e42-97b3-8174f236e379,Bootcamp Data Science For Beginner Batch 8 - Mulai Februari 2024,Fresh Graduates
378,d6d28a99-70f3-4053-961c-029e34621e96,Bootcamp Data Science For Beginner Batch 9 - Mulai April 2024 (Kelas Terdekat),Pekerja aktif
379,64f2a8ab-33f5-42c6-9ba5-54e65b6b5af4,Bootcamp Data Science For Beginner Batch 9 - Mulai April 2024 (Kelas Terdekat),Fresh Graduates
380,b57fcc40-677a-40da-9faa-265af0fca89d,Bootcamp Data Science For Beginner Batch 9 - Mulai April 2024 (Kelas Terdekat),Mahasiswa
381,dfc7c753-24c4-4193-ae2b-2ee1af876a13,,Pekerja aktif
382,f96dc1f6-d3a8-4cf6-a3ab-6a1182d41edd,Bootcamp Data Science For Beginner Batch 9 - Mulai April 2024 (Kelas Terdekat),Fresh Graduates
383,a14d25d1-f7f8-4220-8946-96cf6b19cae9,Bootcamp Data Science For Beginner Batch 9 - Mulai April 2024 (Kelas Terdekat),Mahasiswa
384,2384d785-bbf8-4c79-be46-5e56d3e5feee,Bootcamp Data Science For Beginner Batch 9 - Mulai April 2024 (Kelas Terdekat),Fresh Graduates
385,88c6509b-cbe2-47c6-ad02-97c92e300c48,Bootcamp Data Science For Beginner Batch 8 - Mulai Februari 2024,Mahasiswa
386,d8eb4bf2-57a4-4a6a-8865-4ce0bf2c9e12,Bootcamp Data Science For Beginner Batch 9 - Mulai April 2024 (Kelas Terdekat),Mahasiswa
387,f627af83-24c8-4c96-a7fd-4e60eddea09e,Bootcamp Data Science For Beginner Batch 8 - Mulai Februari 2024,Fresh Graduates
388,0aa927af-2e14-47b5-bb75-c1c700b13262,,Fresh Graduates
389,747f065e-55d2-47c9-ab2b-c349fcbc001d,Bootcamp Data Science For Beginner Batch 9 - Mulai April 2024 (Kelas Terdekat),Pekerja aktif
390,59ad52ab-0325-4f71-bbf8-6d0eabc630ad,Bootcamp Data Science For Beginner Batch 8 - Mulai Februari 2024,Fresh Graduates
391,ddd0d578-3230-498c-9471-c90132d0399a,Bootcamp Data Science For Beginner Batch 9 - Mulai April 2024 (Kelas Terdekat),Mahasiswa
392,717bbe10-f11f-4197-820a-cc03420e2016,,Mahasiswa
393,3e262f96-1a3a-4620-a5cb-26350e9ead3e,,Mahasiswa
394,daba59b7-3cb9-4533-b8a8-9e0562490dd2,Bootcamp Data Science For Beginner Batch 8 - Mulai Februari 2024,Fresh Graduates
395,da651f2b-7264-419b-86f7-c68c199ab2eb,Bootcamp Data Science For Beginner Batch 9 - Mulai April 2024 (Kelas Terdekat),Mahasiswa
396,2f586764-da78-499d-9a41-eafd03844e80,Bootcamp Data Science For Beginner Batch 9 - Mulai April 2024 (Kelas Terdekat),Mahasiswa
397,64272418-9b0a-406a-8bbe-e115bdbfc718,Bootcamp Data Science For Beginner Batch 9 - Mulai April 2024 (Kelas Terdekat),Pekerja aktif
398,6975f225-5acc-48bb-a80d-6a3a5e442fae,Bootcamp Data Science For Beginner Batch 8 - Mulai Februari 2024,Mahasiswa
399,eeebd242-3df2-464c-9aa3-cd5781da8039,Bootcamp Data Science For Beginner Batch 8 - Mulai Februari 2024,Pekerja aktif
400,cb05f3e4-515e-4567-9ec2-b3d043b9f1e4,Bootcamp Data Science For Beginner Batch 9 - Mulai April 2024 (Kelas Terdekat),Mahasiswa
401,2f17238b-3151-4596-bd04-d55f4c80a066,Bootcamp Data Science For Beginner Batch 9 - Mulai April 2024 (Kelas Terdekat),Mahasiswa
402,0e58e77d-a18e-44d2-9fb8-522685cc2b76,,Mahasiswa
403,c0f96359-1d50-4ea2-b4d2-98cffcc461bf,,Mahasiswa
404,cee74a0a-0b19-443e-93ff-152112089c51,Bootcamp Data Science For Beginner Batch 9 - Mulai April 2024 (Kelas Terdekat),Pekerja aktif
405,bf94eb8d-5d4f-43d3-9528-ff5ef9009951,Bootcamp Data Science For Beginner Batch 9 - Mulai April 2024 (Kelas Terdekat),Fresh Graduates
406,7aaf2ee9-a6f9-4256-8f6b-742a0ee1ac2e,,Mahasiswa
407,83cff052-3ad9-416d-b26e-4797eccc0f10,Bootcamp Data Science For Beginner Batch 8 - Mulai Februari 2024,Mahasiswa
408,78cb70fb-cca0-4d6b-83e3-0ca440be5174,,Fresh Graduates
409,18d72f16-5e3b-4cdd-ac63-6847f84789e2,Bootcamp Data Science For Beginner Batch 9 - Mulai April 2024 (Kelas Terdekat),Mahasiswa
410,d1953b54-615a-4056-af44-817e8a0c4b40,,Fresh Graduates
411,5cd193d4-8ecf-4845-a463-61edf2b05ff3,Bootcamp Data Science For Beginner Batch 8 - Mulai Februari 2024,Pekerja aktif
412,7a0157cb-c6fc-4ec5-873e-fafdddf66174,Bootcamp Data Science For Beginner Batch 8 - Mulai Februari 2024,Mahasiswa
413,d2def5be-4ed5-4735-ba73-d6a360f58a69,,Mahasiswa
414,b07938ae-0ab3-44a5-9009-465521064ed4,Bootcamp Data Science For Beginner Batch 8 - Mulai Februari 2024,Mahasiswa
415,dab9d52e-ee1a-4508-a4d6-5dd373bb25f6,,Pekerja aktif
416,792a10ac-a9bb-45ce-af93-7a2619ef61fe,Bootcamp Data Science For Beginner Batch 9 - Mulai April 2024 (Kelas Terdekat),Pekerja aktif
417,24f641eb-913a-4416-84af-07ec8721940e,Bootcamp Data Science For Beginner Batch 9 - Mulai April 2024 (Kelas Terdekat),Fresh Graduates
418,41c2499e-4649-4cd4-8476-d435c6166c58,Bootcamp Data Science For Beginner Batch 9 - Mulai April 2024 (Kelas Terdekat),Mahasiswa
419,f59c8c41-7c50-4929-a64d-49cf2e587423,,Mahasiswa
420,dbf069ee-b1dd-4b75-8b6e-73734ec2cb48,,Mahasiswa
421,ef4ca2ea-04a0-43cb-b257-87ad0f4d14b0,,Pekerja aktif
422,4cab344d-1770-4c38-a71f-6d51e8f3b5cc,Bootcamp Data Science For Beginner Batch 9 - Mulai April 2024 (Kelas Terdekat),Pekerja aktif
423,48a6d994-4f5b-468f-a96b-9ebe47e8e279,,Pekerja aktif
424,dceebdb5-1a91-4fa6-8072-aaa827868eb3,,Fresh Graduates
425,2b46b282-1df9-4423-9625-2c6743a25144,Bootcamp Data Science For Beginner Batch 9 - Mulai April 2024 (Kelas Terdekat),Mahasiswa
426,483a2cf3-98f9-456d-81d9-022710423c23,Bootcamp Data Science For Beginner Batch 9 - Mulai April 2024 (Kelas Terdekat),Fresh Graduates
427,1fb37a6e-bfb4-48da-b71f-d813fb59ef1c,Bootcamp Data Science For Beginner Batch 8 - Mulai Februari 2024,Mahasiswa
428,2a205037-8c86-4372-a92d-d81ee9b38025,Bootcamp Data Science For Beginner Batch 9 - Mulai April 2024 (Kelas Terdekat),Mahasiswa
429,44f5e566-7fef-484a-b881-c53d9249ae9b,Bootcamp Data Science For Beginner Batch 9 - Mulai April 2024 (Kelas Terdekat),Mahasiswa
430,3dea5f61-f356-432f-b831-57df87d6b032,Bootcamp Data Science For Beginner Batch 8 - Mulai Februari 2024,Fresh Graduates
431,d1d66775-cc03-42ea-ad3c-681efafb3682,Bootcamp Data Science For Beginner Batch 9 - Mulai April 2024 (Kelas Terdekat),Mahasiswa
432,2ae01d22-116d-44c0-84be-cfad96fb519c,Bootcamp Data Science For Beginner Batch 8 - Mulai Februari 2024,Mahasiswa
433,b166452a-784d-4789-941e-1c7b8b6229f6,Bootcamp Data Science For Beginner Batch 9 - Mulai April 2024 (Kelas Terdekat),Mahasiswa
434,1e22ce44-7a97-4f75-b7f5-d47bd96a8342,Bootcamp Data Science For Beginner Batch 8 - Mulai Februari 2024,Mahasiswa
435,0fe94c00-c05c-4d31-9f39-7d31012ea47a,Bootcamp Data Science For Beginner Batch 9 - Mulai April 2024 (Kelas Terdekat),Mahasiswa
436,16b89a6a-1ce4-4a2d-b19e-8d37bc7c7c5e,,Mahasiswa
437,663c3978-6013-4a55-9a58-5d538e435021,Bootcamp Data Science For Beginner Batch 9 - Mulai April 2024 (Kelas Terdekat),Mahasiswa
438,7f337d29-cfd2-4a03-bbb9-ec6196e1d34d,,Mahasiswa
439,5ef119b1-883b-4964-8400-341414ee551a,Bootcamp Data Science For Beginner Batch 9 - Mulai April 2024 (Kelas Terdekat),Mahasiswa
440,709c8608-6cac-4147-9d6e-e8152ce6340c,Bootcamp Data Science For Beginner Batch 9 - Mulai April 2024 (Kelas Terdekat),Pekerja aktif
441,17f173bf-52a2-4042-80ee-6d30d0217f4c,Bootcamp Data Science For Beginner Batch 9 - Mulai April 2024 (Kelas Terdekat),Mahasiswa
442,216de2aa-e0bf-41b4-92da-3ad50ab2af5e,Bootcamp Data Science For Beginner Batch 9 - Mulai April 2024 (Kelas Terdekat),Pekerja aktif
443,9c2aadbd-036d-45e6-b130-7f3d98892dba,Bootcamp Data Science For Beginner Batch 9 - Mulai April 2024 (Kelas Terdekat),Mahasiswa
444,4cf82814-1d7e-430c-bba3-247af2552306,,Fresh Graduates
445,b661cc43-3695-4a39-b0dc-21164ec6e199,Bootcamp Data Science For Beginner Batch 9 - Mulai April 2024 (Kelas Terdekat),Fresh Graduates
446,e04076e5-3fab-4e6b-9f79-38c54336e47b,Bootcamp Data Science For Beginner Batch 8 - Mulai Februari 2024,Mahasiswa
447,d59a405f-f8b3-49e9-9ac2-88dc3e6a1e53,Bootcamp Data Science For Beginner Batch 8 - Mulai Februari 2024,Mahasiswa
448,a133b00f-54e3-42c5-87db-f89de83c6874,Bootcamp Data Science For Beginner Batch 8 - Mulai Februari 2024,Pekerja aktif
449,bcb872cd-f6f8-422c-8729-59be0b01e4c4,Bootcamp Data Science For Beginner Batch 9 - Mulai April 2024 (Kelas Terdekat),Pekerja aktif
450,e18562d7-a549-49e1-ade6-2373fed3787d,Bootcamp Data Science For Beginner Batch 9 - Mulai April 2024 (Kelas Terdekat),Fresh Graduates
451,34099491-cba6-4b79-9c62-38e83f1cf9db,,Fresh Graduates
452,5e454df6-a68f-4b76-b06a-f576ed27a11e,,Fresh Graduates
453,40ef5c66-cc76-49a6-851d-1b58fe2953d7,Bootcamp Data Science For Beginner Batch 9 - Mulai April 2024 (Kelas Terdekat),Fresh Graduates
454,3aa83f6f-e363-4f12-9770-8902a51fbfbc,,Mahasiswa
455,48aeea0c-cfef-4b4a-b94f-415455a9d7af,,Mahasiswa
456,c4cf804a-7759-4269-8562-c7141d2c18c7,Bootcamp Data Science For Beginner Batch 9 - Mulai April 2024 (Kelas Terdekat),Pekerja aktif
457,a76629f6-fe9d-4e32-a4ab-46b9faf116a0,Bootcamp Data Science For Beginner Batch 8 - Mulai Februari 2024,Fresh Graduates
458,6cfc3694-9d16-4d0e-be7d-e717b3e39ea9,,Fresh Graduates
459,0e321c7e-d2cf-4699-aa74-9544ab8f2090,,Mahasiswa
460,ba649e58-8a55-492c-bf39-5d660ebef5c7,Bootcamp Data Science For Beginner Batch 9 - Mulai April 2024 (Kelas Terdekat),Fresh Graduates
461,8e3026d2-a977-4221-a6cc-c30fd3590962,Bootcamp Data Science For Beginner Batch 9 - Mulai April 2024 (Kelas Terdekat),Mahasiswa
462,1bbd002a-73c0-4f38-8e36-76560bba1f49,,Mahasiswa
463,e6574fcd-b5fd-40b8-b94a-e3fdf1c887b6,,Fresh Graduates
464,1bfa930d-cf1c-479b-87e4-bae0f9073321,Bootcamp Data Science For Beginner Batch 9 - Mulai April 2024 (Kelas Terdekat),Fresh Graduates
465,3957973a-682a-4959-b576-9a085c8a44ae,,Pekerja aktif
466,45d72ac3-0209-493e-9d5a-8a966d562845,Bootcamp Data Science For Beginner Batch 8 - Mulai Februari 2024,Pekerja aktif
467,19d5ec55-7543-48c4-8fbc-f01f5a9b2c95,Bootcamp Data Science For Beginner Batch 9 - Mulai April 2024 (Kelas Terdekat),Fresh Graduates
468,c7cccd38-9e0f-4c94-acfb-557606e7aadf,Bootcamp Data Science For Beginner Batch 9 - Mulai April 2024 (Kelas Terdekat),Pekerja aktif
469,fdf2851c-a685-4112-80fc-401747191dc3,Bootcamp Data Science For Beginner Batch 8 - Mulai Februari 2024,Pekerja aktif
470,67313ce6-34e5-492a-ab7b-4e50acceb029,Bootcamp Data Science For Beginner Batch 9 - Mulai April 2024 (Kelas Terdekat),Pekerja aktif
471,670e36fe-2b5e-4426-919b-889ef9ae7dc9,Bootcamp Data Science For Beginner Batch 9 - Mulai April 2024 (Kelas Terdekat),Pekerja aktif
472,49b93c8d-21cf-4307-90e1-12f87a2a75a4,Bootcamp Data Science For Beginner Batch 9 - Mulai April 2024 (Kelas Terdekat),Mahasiswa
473,e696ca58-d61a-449b-8aae-30772b7d92e3,Bootcamp Data Science For Beginner Batch 8 - Mulai Februari 2024,Mahasiswa
474,aa994a1c-055e-4751-b4cf-ddc08d3a5f8c,Bootcamp Data Science For Beginner Batch 8 - Mulai Februari 2024,Mahasiswa
475,aafce93e-6e5f-46ad-b186-d642d5a456a1,,Pekerja aktif
476,73b6df25-7321-4250-8a5d-2d58573b14ec,Bootcamp Data Science For Beginner Batch 9 - Mulai April 2024 (Kelas Terdekat),Fresh Graduates
477,94173ad0-5841-4719-9ae3-44e387b19633,,Mahasiswa
478,c1133665-1bdf-4e34-ad54-083732118089,Bootcamp Data Science For Beginner Batch 9 - Mulai April 2024 (Kelas Terdekat),Pekerja aktif
479,6682a9bf-56ba-4596-8da7-14e90a00dcd4,Bootcamp Data Science For Beginner Batch 9 - Mulai April 2024 (Kelas Terdekat),Pekerja aktif
480,ebd78cae-0a5d-43ed-bf3e-b6c496bd4b64,,Fresh Graduates
481,a1408643-a549-447c-b867-6886faa00fca,Bootcamp Data Science For Beginner Batch 9 - Mulai April 2024 (Kelas Terdekat),Pekerja aktif
482,2eebf90c-68dc-4631-a827-b59638b7ad52,,Fresh Graduates
483,0e354232-854f-43ec-944d-b120245eea4d,Bootcamp Data Science For Beginner Batch 8 - Mulai Februari 2024,Fresh Graduates
484,f1242db3-e5af-4813-a6f1-4c9e531776bd,Bootcamp Data Science For Beginner Batch 9 - Mulai April 2024 (Kelas Terdekat),Mahasiswa
485,9f60f579-c330-400e-a75a-6d0d289424c1,Bootcamp Data Science For Beginner Batch 9 - Mulai April 2024 (Kelas Terdekat),Fresh Graduates
486,0ef4cecc-887a-460d-b699-659969939b87,Bootcamp Data Science For Beginner Batch 8 - Mulai Februari 2024,Mahasiswa
487,cee38db4-d8fb-4876-affb-408d23f0c5fc,Bootcamp Data Science For Beginner Batch 9 - Mulai April 2024 (Kelas Terdekat),Fresh Graduates
488,3d0ea613-5462-4785-91d0-04f2331473f5,Bootcamp Data Science For Beginner Batch 9 - Mulai April 2024 (Kelas Terdekat),Pekerja aktif
489,f0d0484f-f159-4fe0-8ed4-45dd77bc7cff,Bootcamp Data Science For Beginner Batch 8 - Mulai Februari 2024,Pekerja aktif
490,ca5c06a4-b01e-4e89-b6e0-507d13da74e9,Bootcamp Data Science For Beginner Batch 9 - Mulai April 2024 (Kelas Terdekat),Fresh Graduates
491,71dfef48-bb94-46ba-9eb5-66c917e928c7,,Pekerja aktif
