Kualitas materi ,Kualitas trainer ,jumlah_kehadiran,Score_x,Score_y,Score,jumlah_mini_project_dikerjakan,jumlah_quiz_dikerjakan,rata_rata_score,Status_Fresh Graduates,Status_Mahasiswa,Status_Pekerja aktif,Status_Umum,Siapa trainer pada hari ini ?_ln,Siapa trainer pada hari ini ?_mdn,Siapa trainer pada hari ini ?_mf,Siapa trainer pada hari ini ?_ra,Pilihan Jadwal Kelas_Bootcamp Data Science For Beginner Batch 9 - Mulai April 2024 (Kelas Terdekat),Bootcamp_Online
0.6533333333333333,0.4666666666666668,1.0,1.0,0.9,1.0,0.0,0.3333333333333333,0.9666666666666667,1.0,0.0,0.0,0.0,0.0,1.0,0.0,0.0,0.0,0.0
0.5520000000000005,0.5840000000000005,0.8275862068965517,0.5,0.8,0.9,0.0,0.3333333333333333,0.7333333333333334,1.0,0.0,0.0,0.0,0.0,1.0,0.0,0.0,1.0,0.0
0.5111111111111115,0.7777777777777781,0.5862068965517242,0.5,0.8999999999999999,0.8999999999999999,0.0,0.3333333333333333,0.7666666666666666,0.0,1.0,0.0,0.0,0.0,0.0,0.0,0.0,0.0,0.0
0.5200000000000005,0.6400000000000001,0.6551724137931035,0.4,0.8,0.9,0.0,0.3333333333333333,0.7000000000000001,0.0,0.0,1.0,0.0,0.0,1.0,0.0,0.0,1.0,0.0
0.476923076923077,0.5076923076923081,0.8620689655172414,0.4,0.8,0.7,0.0,0.3333333333333333,0.6333333333333334,0.0,0.0,0.0,1.0,0.0,0.0,0.0,0.0,1.0,0.0
0.6000000000000001,0.6666666666666665,0.7931034482758621,0.5,1.0,0.8000000000000002,0.0,0.3333333333333333,0.7666666666666667,1.0,0.0,0.0,0.0,0.0,1.0,0.0,0.0,1.0,0.0
0.6363636363636367,0.6727272727272728,0.7241379310344828,0.4,0.6,0.9,0.0,0.3333333333333333,0.6333333333333333,1.0,0.0,0.0,0.0,0.0,0.0,0.0,0.0,0.0,0.0
0.5142857142857147,0.5714285714285716,0.9310344827586207,0.8,0.9,0.9,0.0,0.3333333333333333,0.8666666666666667,0.0,0.0,1.0,0.0,0.0,1.0,0.0,0.0,1.0,0.0
0.48,0.7200000000000006,0.6551724137931035,0.4,1.0,0.9,0.0,0.3333333333333333,0.7666666666666666,1.0,0.0,0.0,0.0,0.0,1.0,0.0,0.0,1.0,0.0
0.7846153846153849,0.6000000000000001,0.8620689655172414,1.0,0.8,0.9000000000000001,0.0,0.3333333333333333,0.9,0.0,1.0,0.0,0.0,0.0,0.0,0.0,0.0,1.0,0.0
0.6190476190476191,0.5809523809523811,0.6896551724137931,0.4,1.0,0.5,0.0,0.3333333333333333,0.6333333333333333,1.0,0.0,0.0,0.0,0.0,1.0,0.0,0.0,0.0,0.0
0.5809523809523811,0.695238095238095,0.6896551724137931,0.5,1.0,0.7,0.0,0.3333333333333333,0.7333333333333334,0.0,1.0,0.0,0.0,0.0,0.0,0.0,0.0,1.0,0.0
0.5714285714285716,0.5714285714285716,0.9310344827586207,0.6,0.9,0.5,0.0,0.3333333333333333,0.6666666666666666,0.0,1.0,0.0,0.0,0.0,0.0,0.0,0.0,1.0,0.0
0.3777777777777782,0.5555555555555558,0.896551724137931,0.6,0.9,0.95,0.0,0.3333333333333333,0.8166666666666668,0.0,0.0,1.0,0.0,0.0,0.0,0.0,0.0,1.0,0.0
0.6000000000000001,0.5,0.7931034482758621,0.4000000000000001,0.9,0.75,0.0,0.3333333333333333,0.6833333333333332,0.0,1.0,0.0,0.0,0.0,1.0,0.0,0.0,0.0,0.0
0.5384615384615388,0.6000000000000001,0.8620689655172414,0.9000000000000001,0.8,0.7,0.0,0.3333333333333333,0.8000000000000002,0.0,0.0,1.0,0.0,0.0,1.0,0.0,0.0,1.0,0.0
0.8333333333333339,0.7666666666666666,0.7931034482758621,0.4000000000000001,0.6999999999999998,0.6,0.0,0.3333333333333333,0.5666666666666665,0.0,1.0,0.0,0.0,0.0,0.0,0.0,0.0,1.0,0.0
0.4666666666666668,0.5111111111111115,0.5862068965517242,0.4,0.8,0.7,0.0,0.3333333333333333,0.6333333333333334,0.0,0.0,1.0,0.0,0.0,1.0,0.0,0.0,1.0,0.0
0.5840000000000005,0.7759999999999998,0.8275862068965517,1.0,1.0,0.65,1.0,0.3333333333333333,0.8833333333333333,0.0,0.0,1.0,0.0,0.0,0.0,0.0,0.0,0.0,0.0
0.5840000000000005,0.6479999999999997,0.8275862068965517,0.5,0.9,0.9,1.0,0.3333333333333333,0.7666666666666666,0.0,0.0,1.0,0.0,0.0,0.0,0.0,0.0,1.0,0.0
0.5555555555555558,0.5851851851851855,0.896551724137931,0.4,0.8,0.65,1.0,0.3333333333333333,0.6166666666666667,1.0,0.0,0.0,0.0,0.0,1.0,0.0,0.0,1.0,0.0
0.43999999999999995,0.5733333333333337,1.0,0.4,0.7,0.9,1.0,0.3333333333333333,0.6666666666666666,0.0,1.0,0.0,0.0,0.0,0.0,0.0,0.0,1.0,0.0
0.6000000000000001,0.4666666666666668,0.5862068965517242,0.4,1.0,0.7,1.0,0.3333333333333333,0.6999999999999998,0.0,1.0,0.0,0.0,0.0,0.0,0.0,0.0,1.0,0.0
0.6137931034482764,0.7517241379310344,0.9655172413793104,0.4,0.8,0.9,1.0,0.3333333333333333,0.7000000000000001,0.0,0.0,1.0,0.0,0.0,0.0,0.0,0.0,1.0,0.0
0.4666666666666668,0.5047619047619052,0.6896551724137931,0.6,0.9000000000000001,0.7,1.0,0.3333333333333333,0.7333333333333334,0.0,1.0,0.0,0.0,0.0,0.0,0.0,0.0,1.0,0.0
0.5200000000000005,0.5600000000000005,0.6551724137931035,1.0,1.0,0.85,1.0,0.3333333333333333,0.9500000000000001,0.0,1.0,0.0,0.0,0.0,1.0,0.0,0.0,1.0,0.0
0.7119999999999997,0.6479999999999997,0.8275862068965517,0.9,0.7,0.9,1.0,0.3333333333333333,0.8333333333333334,0.0,1.0,0.0,0.0,0.0,0.0,0.0,0.0,1.0,0.0
0.43999999999999995,0.706666666666667,1.0,0.4,0.8,0.8,1.0,0.3333333333333333,0.6666666666666666,0.0,1.0,0.0,0.0,0.0,0.0,0.0,0.0,1.0,0.0
0.7538461538461543,0.44615384615384635,0.8620689655172414,0.5,0.9000000000000001,0.6500000000000001,1.0,0.3333333333333333,0.6833333333333335,1.0,0.0,0.0,0.0,0.0,0.0,0.0,0.0,1.0,0.0
0.2842105263157899,0.8736842105263158,0.6206896551724138,0.4,1.0,1.0,1.0,0.3333333333333333,0.7999999999999999,1.0,0.0,0.0,0.0,0.0,0.0,0.0,0.0,1.0,0.0
0.5200000000000005,0.5200000000000005,0.8275862068965517,0.4,0.9,0.65,1.0,0.3333333333333333,0.65,0.0,0.0,1.0,0.0,0.0,0.0,0.0,0.0,1.0,0.0
0.6400000000000001,0.40000000000000036,0.6551724137931035,0.4,0.9,0.9,1.0,0.3333333333333333,0.7333333333333334,0.0,1.0,0.0,0.0,0.0,0.0,0.0,0.0,0.0,0.0
0.4526315789473685,0.5789473684210531,0.6206896551724138,0.9,1.0,0.9,1.0,0.3333333333333333,0.9333333333333332,0.0,1.0,0.0,0.0,0.0,1.0,0.0,0.0,1.0,0.0
0.7565217391304353,0.5478260869565221,0.7586206896551725,0.5,1.0,0.95,1.0,0.3333333333333333,0.8166666666666668,1.0,0.0,0.0,0.0,0.0,0.0,0.0,0.0,1.0,0.0
0.6000000000000001,0.4666666666666668,1.0,0.6,1.0,0.8,1.0,0.3333333333333333,0.8000000000000002,0.0,1.0,0.0,0.0,0.0,0.0,0.0,0.0,1.0,0.0
0.5636363636363635,0.6727272727272728,0.7241379310344828,0.4,0.7,1.0,1.0,0.3333333333333333,0.7000000000000001,0.0,0.0,1.0,0.0,0.0,0.0,0.0,0.0,0.0,0.0
0.5600000000000005,0.6400000000000001,0.6551724137931035,0.4,0.9,0.6,1.0,0.3333333333333333,0.6333333333333333,0.0,1.0,0.0,0.0,0.0,0.0,0.0,0.0,1.0,0.0
0.4560000000000004,0.4560000000000004,0.8275862068965517,0.6,1.0,0.5,1.0,0.3333333333333333,0.7000000000000001,0.0,0.0,1.0,0.0,0.0,0.0,0.0,0.0,1.0,0.0
0.49090909090909074,0.5636363636363635,0.7241379310344828,1.0,0.6,0.6,1.0,0.3333333333333333,0.7333333333333334,0.0,1.0,0.0,0.0,0.0,1.0,0.0,0.0,1.0,0.0
0.6363636363636367,0.49090909090909074,0.7241379310344828,1.0,0.7,1.0,1.0,0.3333333333333333,0.9,0.0,1.0,0.0,0.0,0.0,0.0,0.0,0.0,0.0,0.0
0.7090909090909094,0.6727272727272728,0.7241379310344828,0.4,0.8,0.9,1.0,0.3333333333333333,0.7000000000000001,0.0,1.0,0.0,0.0,0.0,1.0,0.0,0.0,0.0,0.0
0.8461538461538463,0.5692307692307694,0.8620689655172414,1.0,0.8,0.8,1.0,0.3333333333333333,0.8666666666666667,1.0,0.0,0.0,0.0,0.0,0.0,0.0,0.0,1.0,0.0
0.7333333333333338,0.706666666666667,1.0,0.5,0.7,0.9,1.0,0.3333333333333333,0.7000000000000001,0.0,1.0,0.0,0.0,0.0,1.0,0.0,0.0,0.0,0.0
0.663157894736842,0.5789473684210531,0.6206896551724138,0.8,0.9,0.9500000000000001,1.0,0.3333333333333333,0.8833333333333334,1.0,0.0,0.0,0.0,0.0,1.0,0.0,0.0,1.0,0.0
0.6965517241379313,0.6137931034482764,0.9655172413793104,0.9,1.0,0.6,1.0,0.3333333333333333,0.8333333333333334,0.0,0.0,0.0,1.0,0.0,0.0,0.0,0.0,1.0,0.0
0.5733333333333337,0.5466666666666669,1.0,0.4,0.8,0.7,1.0,0.3333333333333333,0.6333333333333334,1.0,0.0,0.0,0.0,0.0,1.0,0.0,0.0,1.0,0.0
0.44615384615384635,0.5076923076923081,0.8620689655172414,0.5,0.9000000000000001,0.8,1.0,0.3333333333333333,0.7333333333333334,0.0,1.0,0.0,0.0,0.0,0.0,0.0,0.0,1.0,0.0
0.49090909090909074,0.7090909090909094,0.7241379310344828,0.5,1.0,0.8,1.0,0.3333333333333333,0.7666666666666666,0.0,0.0,1.0,0.0,0.0,0.0,0.0,0.0,1.0,0.0
0.5200000000000005,0.6799999999999997,0.6551724137931035,0.5,0.9,0.5,1.0,0.3333333333333333,0.6333333333333333,1.0,0.0,0.0,0.0,0.0,1.0,0.0,0.0,0.0,0.0
0.5789473684210531,0.6210526315789475,0.6206896551724138,0.9,0.9,0.9,1.0,0.3333333333333333,0.9,0.0,1.0,0.0,0.0,0.0,0.0,0.0,0.0,1.0,0.0
0.8079999999999998,0.5200000000000005,0.8275862068965517,0.8,1.0,0.95,1.0,0.3333333333333333,0.9166666666666666,0.0,0.0,1.0,0.0,0.0,0.0,0.0,0.0,0.0,0.0
0.8222222222222224,0.6888888888888887,0.5862068965517242,1.0,0.7,0.6,1.0,0.3333333333333333,0.7666666666666666,0.0,1.0,0.0,0.0,0.0,0.0,0.0,0.0,1.0,0.0
0.6000000000000001,0.6363636363636367,0.7241379310344828,1.0,0.9,0.65,1.0,0.3333333333333333,0.85,0.0,1.0,0.0,0.0,0.0,0.0,0.0,0.0,1.0,0.0
0.8068965517241384,0.5586206896551724,0.9655172413793104,1.0,1.0,0.6,1.0,0.3333333333333333,0.8666666666666667,1.0,0.0,0.0,0.0,0.0,0.0,0.0,0.0,1.0,0.0
0.8315789473684214,0.36842105263157876,0.6206896551724138,1.0,1.0,0.9,1.0,0.3333333333333333,0.9666666666666667,1.0,0.0,0.0,0.0,0.0,0.0,0.0,0.0,1.0,0.0
0.5047619047619052,0.657142857142857,0.6896551724137931,0.4,0.6,1.0,1.0,0.3333333333333333,0.6666666666666666,1.0,0.0,0.0,0.0,0.0,0.0,0.0,0.0,1.0,0.0
0.6159999999999997,0.6799999999999997,0.8275862068965517,0.4,1.0,0.8,1.0,0.3333333333333333,0.7333333333333334,0.0,0.0,1.0,0.0,0.0,0.0,0.0,0.0,1.0,0.0
0.5200000000000005,0.7200000000000006,0.6551724137931035,0.5,0.7,0.85,1.0,0.3333333333333333,0.6833333333333332,1.0,0.0,0.0,0.0,0.0,0.0,0.0,0.0,1.0,0.0
0.657142857142857,0.8000000000000003,0.9310344827586207,0.4,0.9,1.0,1.0,0.3333333333333333,0.7666666666666666,1.0,0.0,0.0,0.0,0.0,0.0,0.0,0.0,1.0,0.0
0.40000000000000036,0.5714285714285716,0.9310344827586207,0.4,0.9,0.9,1.0,0.3333333333333333,0.7333333333333334,1.0,0.0,0.0,0.0,0.0,1.0,0.0,0.0,1.0,0.0
0.43999999999999995,0.4933333333333332,1.0,0.9,1.0,1.0,1.0,0.3333333333333333,0.9666666666666667,0.0,1.0,0.0,0.0,0.0,1.0,0.0,0.0,0.0,0.0
0.657142857142857,0.5142857142857147,0.9310344827586207,0.5,0.9,0.9,1.0,0.3333333333333333,0.7666666666666666,0.0,1.0,0.0,0.0,0.0,0.0,1.0,0.0,1.0,0.0
0.5111111111111115,0.5111111111111115,0.5862068965517242,0.6,0.6,0.7,1.0,0.3333333333333333,0.6333333333333333,0.0,1.0,0.0,0.0,0.0,0.0,0.0,0.0,1.0,0.0
0.4666666666666668,0.5428571428571431,0.6896551724137931,0.5,0.8,0.8499999999999999,1.0,0.3333333333333333,0.7166666666666667,0.0,1.0,0.0,0.0,0.0,0.0,0.0,0.0,1.0,0.0
0.7600000000000002,0.5600000000000005,0.6551724137931035,0.4,0.9,1.0,1.0,0.3333333333333333,0.7666666666666666,0.0,1.0,0.0,0.0,0.0,0.0,0.0,0.0,0.0,0.0
0.4285714285714288,0.7333333333333338,0.6896551724137931,0.4,0.9000000000000001,0.95,1.0,0.3333333333333333,0.75,1.0,0.0,0.0,0.0,0.0,1.0,0.0,0.0,1.0,0.0
0.7119999999999997,0.6479999999999997,0.8275862068965517,0.5,0.8,0.65,1.0,0.3333333333333333,0.65,0.0,1.0,0.0,0.0,0.0,1.0,0.0,0.0,1.0,0.0
0.6444444444444444,0.7037037037037042,0.896551724137931,0.4,0.9,0.85,1.0,0.3333333333333333,0.7166666666666667,0.0,1.0,0.0,0.0,0.0,1.0,0.0,0.0,0.0,0.0
0.6444444444444444,0.5555555555555558,0.5862068965517242,1.0,0.8999999999999999,0.8999999999999999,1.0,0.3333333333333333,0.9333333333333332,0.0,0.0,0.0,1.0,0.0,0.0,0.0,0.0,1.0,0.0
0.5076923076923081,0.6000000000000001,0.8620689655172414,0.4,1.0,0.6500000000000001,1.0,0.3333333333333333,0.6833333333333332,0.0,0.0,1.0,0.0,0.0,0.0,0.0,0.0,0.0,0.0
0.49473684210526336,0.5368421052631582,0.6206896551724138,0.6,0.9,0.6,1.0,0.3333333333333333,0.7000000000000001,0.0,1.0,0.0,0.0,0.0,0.0,0.0,0.0,0.0,0.0
0.7666666666666666,0.7333333333333338,0.7931034482758621,0.9,0.8000000000000002,0.6,1.0,0.3333333333333333,0.7666666666666667,0.0,1.0,0.0,0.0,0.0,0.0,0.0,0.0,1.0,0.0
0.695238095238095,0.5428571428571431,0.6896551724137931,0.5,1.0,0.9000000000000001,1.0,0.3333333333333333,0.8000000000000002,1.0,0.0,0.0,0.0,0.0,1.0,0.0,0.0,1.0,0.0
0.4240000000000004,0.4240000000000004,0.8275862068965517,0.8,1.0,0.9,1.0,0.3333333333333333,0.9,0.0,0.0,0.0,1.0,0.0,1.0,0.0,0.0,1.0,0.0
0.6307692307692307,0.5076923076923081,0.8620689655172414,0.5,1.0,1.0,1.0,0.3333333333333333,0.8333333333333334,1.0,0.0,0.0,0.0,0.0,1.0,0.0,0.0,1.0,0.0
0.3333333333333339,0.6533333333333333,1.0,0.6,0.9,0.95,1.0,0.3333333333333333,0.8166666666666668,0.0,1.0,0.0,0.0,0.0,0.0,0.0,0.0,1.0,0.0
0.7200000000000006,0.48,0.6551724137931035,0.4,1.0,0.6,1.0,0.3333333333333333,0.6666666666666666,1.0,0.0,0.0,0.0,0.0,1.0,0.0,0.0,1.0,0.0
0.7793103448275867,0.6965517241379313,0.9655172413793104,0.6,0.9,0.7,1.0,0.3333333333333333,0.7333333333333334,0.0,1.0,0.0,0.0,0.0,0.0,0.0,0.0,1.0,0.0
0.8222222222222224,0.9111111111111114,0.5862068965517242,0.5,0.8999999999999999,0.8,1.0,0.3333333333333333,0.7333333333333334,0.0,0.0,1.0,0.0,0.0,1.0,0.0,0.0,0.0,0.0
0.5520000000000005,0.6159999999999997,0.8275862068965517,0.5,0.9,0.9,1.0,0.3333333333333333,0.7666666666666666,1.0,0.0,0.0,0.0,0.0,1.0,0.0,0.0,1.0,0.0
0.5272727272727273,0.5272727272727273,0.7241379310344828,0.4,0.9,0.9,1.0,0.3333333333333333,0.7333333333333334,1.0,0.0,0.0,0.0,0.0,1.0,0.0,0.0,1.0,0.0
0.5466666666666669,0.6266666666666669,1.0,0.5,0.8,0.5,1.0,0.3333333333333333,0.6,0.0,1.0,0.0,0.0,0.0,1.0,0.0,0.0,1.0,0.0
0.5310344827586206,0.4758620689655175,0.9655172413793104,0.6,0.7,1.0,1.0,0.3333333333333333,0.7666666666666666,0.0,0.0,1.0,0.0,0.0,1.0,0.0,0.0,1.0,0.0
0.476923076923077,0.5692307692307694,0.8620689655172414,1.0,0.8,0.9000000000000001,1.0,0.3333333333333333,0.9,0.0,1.0,0.0,0.0,0.0,0.0,0.0,0.0,1.0,0.0
0.4222222222222225,0.6000000000000001,0.5862068965517242,0.5,1.0,0.85,1.0,0.3333333333333333,0.7833333333333333,1.0,0.0,0.0,0.0,0.0,0.0,0.0,0.0,1.0,0.0
0.6000000000000001,0.6888888888888887,0.5862068965517242,0.5,1.0,0.8999999999999999,1.0,0.3333333333333333,0.7999999999999999,0.0,0.0,1.0,0.0,0.0,0.0,0.0,0.0,1.0,0.0
0.5520000000000005,0.6479999999999997,0.8275862068965517,0.9,0.8,1.0,1.0,0.3333333333333333,0.9,1.0,0.0,0.0,0.0,0.0,1.0,0.0,0.0,1.0,0.0
0.5826086956521745,0.5478260869565221,0.7586206896551725,0.4,0.7,0.5,1.0,0.3333333333333333,0.5333333333333333,1.0,0.0,0.0,0.0,0.0,0.0,0.0,0.0,1.0,0.0
0.5600000000000005,0.5600000000000005,0.6551724137931035,0.4,1.0,0.8,1.0,0.3333333333333333,0.7333333333333334,0.0,0.0,1.0,0.0,0.0,0.0,0.0,0.0,1.0,0.0
0.5368421052631582,0.5368421052631582,0.6206896551724138,1.0,0.9,1.0,1.0,0.3333333333333333,0.9666666666666667,1.0,0.0,0.0,0.0,0.0,0.0,0.0,0.0,1.0,0.0
0.5826086956521745,0.7217391304347829,0.7586206896551725,0.5,0.9,0.75,1.0,0.3333333333333333,0.7166666666666667,0.0,1.0,0.0,0.0,0.0,0.0,0.0,0.0,1.0,0.0
0.5692307692307694,0.6615384615384614,0.8620689655172414,0.5,0.8,0.9000000000000001,1.0,0.3333333333333333,0.7333333333333334,0.0,0.0,0.0,1.0,0.0,1.0,0.0,0.0,1.0,0.0
0.6266666666666669,0.6000000000000001,1.0,0.9,0.8,0.9,1.0,0.3333333333333333,0.8666666666666667,0.0,1.0,0.0,0.0,0.0,1.0,0.0,0.0,1.0,0.0
0.7538461538461543,0.7230769230769236,0.8620689655172414,0.5,0.8,0.8,1.0,0.3333333333333333,0.7000000000000001,1.0,0.0,0.0,0.0,0.0,1.0,0.0,0.0,0.0,0.0
0.8315789473684214,0.7894736842105261,0.6206896551724138,0.4,0.8,1.0,1.0,0.3333333333333333,0.7333333333333334,0.0,0.0,1.0,0.0,0.0,1.0,0.0,0.0,1.0,0.0
0.657142857142857,0.3714285714285719,0.9310344827586207,0.9,0.8,0.65,1.0,0.3333333333333333,0.7833333333333333,0.0,0.0,1.0,0.0,0.0,0.0,0.0,0.0,1.0,0.0
0.663157894736842,0.7052631578947373,0.6206896551724138,1.0,1.0,0.8,1.0,0.3333333333333333,0.9333333333333332,0.0,1.0,0.0,0.0,0.0,0.0,0.0,0.0,1.0,0.0
0.7037037037037042,0.6444444444444444,0.896551724137931,1.0,1.0,0.95,1.0,0.3333333333333333,0.9833333333333334,0.0,1.0,0.0,0.0,0.0,1.0,0.0,0.0,1.0,0.0
0.5142857142857147,0.6285714285714286,0.9310344827586207,0.4,0.6,1.0,1.0,0.3333333333333333,0.6666666666666666,0.0,1.0,0.0,0.0,0.0,0.0,0.0,0.0,1.0,0.0
0.4666666666666668,0.6799999999999997,1.0,0.8,0.8,0.5,1.0,0.3333333333333333,0.7000000000000001,0.0,0.0,1.0,0.0,0.0,0.0,0.0,0.0,1.0,0.0
0.8799999999999999,0.5600000000000005,0.6551724137931035,0.8,0.7,0.85,1.0,0.3333333333333333,0.7833333333333333,1.0,0.0,0.0,0.0,0.0,0.0,0.0,0.0,1.0,0.0
0.7052631578947373,0.5368421052631582,0.6206896551724138,0.6,0.9,0.5,1.0,0.3333333333333333,0.6666666666666666,0.0,0.0,1.0,0.0,0.0,1.0,0.0,0.0,1.0,0.0
0.6923076923076921,0.5076923076923081,0.8620689655172414,0.5,0.9000000000000001,0.5,1.0,0.3333333333333333,0.6333333333333334,1.0,0.0,0.0,0.0,0.0,0.0,0.0,0.0,1.0,0.0
0.7565217391304353,0.40869565217391335,0.7586206896551725,0.8,1.0,0.5,1.0,0.3333333333333333,0.7666666666666666,1.0,0.0,0.0,0.0,0.0,0.0,0.0,0.0,0.0,0.0
0.8181818181818183,0.6363636363636367,0.7241379310344828,0.4,1.0,1.0,1.0,0.3333333333333333,0.7999999999999999,0.0,1.0,0.0,0.0,0.0,1.0,0.0,0.0,1.0,0.0
0.5600000000000005,0.5200000000000005,0.6551724137931035,0.6,0.9,0.9,1.0,0.3333333333333333,0.7999999999999999,0.0,1.0,0.0,0.0,0.0,1.0,0.0,0.0,0.0,0.0
0.48,0.5200000000000005,0.6551724137931035,0.4,0.7,0.75,1.0,0.3333333333333333,0.6166666666666667,0.0,1.0,0.0,0.0,0.0,1.0,0.0,0.0,1.0,0.0
0.5826086956521745,0.7565217391304353,0.7586206896551725,0.4,0.9,1.0,1.0,0.3333333333333333,0.7666666666666666,0.0,1.0,0.0,0.0,0.0,0.0,0.0,0.0,1.0,0.0
0.6689655172413795,0.4482758620689662,0.9655172413793104,0.5,0.9,0.85,1.0,0.3333333333333333,0.75,1.0,0.0,0.0,0.0,0.0,1.0,0.0,0.0,1.0,0.0
0.48571428571428577,0.6000000000000001,0.9310344827586207,0.5,1.0,0.95,1.0,0.3333333333333333,0.8166666666666668,0.0,0.0,1.0,0.0,0.0,1.0,0.0,0.0,0.0,0.0
0.3454545454545457,0.7090909090909094,0.7241379310344828,1.0,0.9,0.65,1.0,0.3333333333333333,0.85,0.0,1.0,0.0,0.0,0.0,1.0,0.0,0.0,1.0,0.0
0.5600000000000005,0.5200000000000005,0.6551724137931035,0.5,0.6,0.9,1.0,0.3333333333333333,0.6666666666666666,0.0,1.0,0.0,0.0,0.0,0.0,0.0,0.0,1.0,0.0
0.6285714285714286,0.6285714285714286,0.9310344827586207,0.4,0.8,0.75,1.0,0.3333333333333333,0.65,1.0,0.0,0.0,0.0,0.0,1.0,0.0,0.0,1.0,0.0
0.6857142857142855,0.40000000000000036,0.9310344827586207,0.8,0.7,1.0,1.0,0.3333333333333333,0.8333333333333334,0.0,1.0,0.0,0.0,0.0,1.0,0.0,0.0,1.0,0.0
0.6869565217391305,0.6521739130434785,0.7586206896551725,0.4,1.0,0.9,1.0,0.3333333333333333,0.7666666666666666,0.0,0.0,0.0,1.0,0.0,1.0,0.0,0.0,1.0,0.0
0.37391304347826093,0.6521739130434785,0.7586206896551725,0.4,1.0,0.9,1.0,0.3333333333333333,0.7666666666666666,0.0,0.0,1.0,0.0,0.0,1.0,0.0,0.0,0.0,0.0
0.49473684210526336,0.5789473684210531,0.6206896551724138,0.9,0.8,0.65,1.0,0.3333333333333333,0.7833333333333333,1.0,0.0,0.0,0.0,0.0,1.0,0.0,0.0,1.0,0.0
0.4666666666666668,0.6333333333333337,0.7931034482758621,0.9,0.9,0.6999999999999998,1.0,0.3333333333333333,0.8333333333333334,1.0,0.0,0.0,0.0,0.0,0.0,0.0,0.0,1.0,0.0
0.3777777777777782,0.3777777777777782,0.5862068965517242,0.4,0.7,0.85,1.0,0.3333333333333333,0.65,0.0,0.0,1.0,0.0,0.0,1.0,0.0,0.0,1.0,0.0
0.6799999999999997,0.48,0.6551724137931035,0.9,0.9,0.95,1.0,0.3333333333333333,0.9166666666666666,0.0,1.0,0.0,0.0,0.0,1.0,0.0,0.0,1.0,0.0
0.6965517241379313,0.3379310344827591,0.9655172413793104,0.4,0.8,0.65,1.0,0.3333333333333333,0.6166666666666667,0.0,0.0,0.0,1.0,0.0,1.0,0.0,0.0,1.0,0.0
0.476923076923077,0.6000000000000001,0.8620689655172414,0.4,0.7,0.5,1.0,0.3333333333333333,0.5333333333333333,0.0,1.0,0.0,0.0,0.0,0.0,0.0,0.0,1.0,0.0
0.6799999999999997,0.5200000000000005,1.0,0.5,0.6,0.7,1.0,0.3333333333333333,0.6,0.0,0.0,1.0,0.0,0.0,0.0,0.0,0.0,0.0,0.0
0.7714285714285718,0.4285714285714288,0.9310344827586207,0.5,0.6,1.0,1.0,0.3333333333333333,0.7000000000000001,1.0,0.0,0.0,0.0,0.0,0.0,0.0,0.0,1.0,0.0
0.6000000000000001,0.7142857142857149,0.9310344827586207,0.5,0.8,0.8,1.0,0.3333333333333333,0.7000000000000001,0.0,1.0,0.0,0.0,0.0,0.0,0.0,0.0,1.0,0.0
0.657142857142857,0.7333333333333338,0.6896551724137931,0.9000000000000001,0.7,1.0,1.0,0.3333333333333333,0.8666666666666667,0.0,0.0,1.0,0.0,0.0,1.0,0.0,0.0,1.0,0.0
0.5111111111111115,0.4666666666666668,0.5862068965517242,0.8999999999999999,1.0,1.0,1.0,0.3333333333333333,0.9666666666666667,0.0,1.0,0.0,0.0,0.0,0.0,0.0,0.0,1.0,0.0
0.4222222222222225,0.4666666666666668,0.5862068965517242,1.0,0.8,0.5,1.0,0.3333333333333333,0.7666666666666666,0.0,0.0,1.0,0.0,0.0,1.0,0.0,0.0,1.0,0.0
0.7894736842105261,0.4526315789473685,0.6206896551724138,0.5,0.7,0.9500000000000001,1.0,0.3333333333333333,0.7166666666666667,1.0,0.0,0.0,0.0,0.0,0.0,0.0,0.0,1.0,0.0
0.5200000000000005,0.5520000000000005,0.8275862068965517,0.4,1.0,0.5,1.0,0.3333333333333333,0.6333333333333333,0.0,0.0,1.0,0.0,0.0,0.0,0.0,0.0,0.0,0.0
0.6210526315789475,0.49473684210526336,0.6206896551724138,0.5,0.8,0.9,1.0,0.3333333333333333,0.7333333333333334,0.0,0.0,1.0,0.0,0.0,0.0,0.0,0.0,0.0,0.0
0.8399999999999999,0.6000000000000001,0.6551724137931035,0.4,0.9,0.95,1.0,0.3333333333333333,0.75,1.0,0.0,0.0,0.0,0.0,0.0,0.0,0.0,1.0,0.0
0.8399999999999999,0.7333333333333338,1.0,0.4,0.8,0.6,1.0,0.3333333333333333,0.6000000000000001,0.0,1.0,0.0,0.0,0.0,1.0,0.0,0.0,0.0,0.0
0.8079999999999998,0.4240000000000004,0.8275862068965517,0.4,0.8,0.65,1.0,0.3333333333333333,0.6166666666666667,0.0,0.0,1.0,0.0,0.0,1.0,0.0,0.0,1.0,0.0
0.5428571428571431,0.7714285714285718,0.9310344827586207,0.6,0.9,0.85,1.0,0.3333333333333333,0.7833333333333333,0.0,1.0,0.0,0.0,0.0,0.0,0.0,0.0,1.0,0.0
0.4666666666666668,0.4666666666666668,0.896551724137931,0.5,0.9,0.5,1.0,0.3333333333333333,0.6333333333333333,1.0,0.0,0.0,0.0,0.0,0.0,0.0,0.0,1.0,0.0
0.5200000000000005,0.6400000000000001,0.6551724137931035,0.9,0.9,0.85,1.0,0.3333333333333333,0.8833333333333333,0.0,1.0,0.0,0.0,0.0,1.0,0.0,0.0,0.0,0.0
0.6000000000000001,0.706666666666667,1.0,0.4,0.7,0.7,1.0,0.3333333333333333,0.6,0.0,1.0,0.0,0.0,0.0,0.0,0.0,0.0,0.0,0.0
0.7473684210526317,0.49473684210526336,0.6206896551724138,0.5,0.9,0.7,1.0,0.3333333333333333,0.6999999999999998,0.0,0.0,0.0,1.0,0.0,1.0,0.0,0.0,1.0,0.0
0.44615384615384635,0.6000000000000001,0.8620689655172414,1.0,1.0,0.6500000000000001,1.0,0.3333333333333333,0.8833333333333334,0.0,1.0,0.0,0.0,0.0,1.0,0.0,0.0,1.0,0.0
0.7793103448275867,0.6137931034482764,0.9655172413793104,0.4,0.9,1.0,1.0,0.3333333333333333,0.7666666666666666,1.0,0.0,0.0,0.0,0.0,0.0,0.0,0.0,1.0,0.0
0.5428571428571431,0.6857142857142855,0.9310344827586207,0.4,0.9,0.5,1.0,0.3333333333333333,0.6,0.0,1.0,0.0,0.0,0.0,1.0,0.0,0.0,1.0,0.0
0.31428571428571495,0.5809523809523811,0.6896551724137931,1.0,0.7,0.9000000000000001,1.0,0.3333333333333333,0.8666666666666667,0.0,1.0,0.0,0.0,0.0,1.0,0.0,0.0,0.0,0.0
0.6000000000000001,0.6000000000000001,0.9310344827586207,0.5,0.8,0.85,1.0,0.3333333333333333,0.7166666666666667,0.0,1.0,0.0,0.0,0.0,1.0,0.0,0.0,1.0,0.0
0.9142857142857146,0.3428571428571434,0.9310344827586207,0.8,0.8,0.65,1.0,0.3333333333333333,0.75,0.0,1.0,0.0,0.0,0.0,0.0,0.0,0.0,1.0,0.0
0.5789473684210531,0.7052631578947373,0.6206896551724138,1.0,0.9,0.75,1.0,0.3333333333333333,0.8833333333333333,1.0,0.0,0.0,0.0,0.0,0.0,0.0,0.0,1.0,0.0
0.6137931034482764,0.7517241379310344,0.9655172413793104,1.0,0.9,0.95,1.0,0.3333333333333333,0.9499999999999998,0.0,0.0,1.0,0.0,0.0,1.0,0.0,0.0,1.0,0.0
0.4933333333333332,0.6799999999999997,1.0,0.9,0.9,0.9,1.0,0.3333333333333333,0.9,1.0,0.0,0.0,0.0,0.0,1.0,0.0,0.0,0.0,0.0
0.5272727272727273,0.418181818181818,0.7241379310344828,0.5,0.9,0.9,1.0,0.3333333333333333,0.7666666666666666,0.0,1.0,0.0,0.0,0.0,1.0,0.0,0.0,1.0,0.0
0.4222222222222225,0.5555555555555558,0.5862068965517242,0.4,0.8999999999999999,0.85,1.0,0.3333333333333333,0.7166666666666667,0.0,1.0,0.0,0.0,0.0,0.0,0.0,0.0,0.0,0.0
0.5692307692307694,0.6307692307692307,0.8620689655172414,0.8,0.9000000000000001,0.75,1.0,0.3333333333333333,0.8166666666666668,0.0,0.0,1.0,0.0,0.0,0.0,0.0,0.0,0.0,0.0
0.7473684210526317,0.6210526315789475,0.6206896551724138,0.9,1.0,0.9,1.0,0.3333333333333333,0.9333333333333332,1.0,0.0,0.0,0.0,0.0,0.0,0.0,0.0,0.0,0.0
0.6333333333333337,0.6333333333333337,0.7931034482758621,0.4000000000000001,0.9,0.75,1.0,0.3333333333333333,0.6833333333333332,0.0,0.0,1.0,0.0,0.0,0.0,0.0,0.0,1.0,0.0
0.6479999999999997,0.6799999999999997,0.8275862068965517,0.5,0.7,0.95,1.0,0.3333333333333333,0.7166666666666667,1.0,0.0,0.0,0.0,0.0,0.0,0.0,0.0,1.0,0.0
0.6444444444444444,0.6000000000000001,0.5862068965517242,0.5,0.8,1.0,1.0,0.3333333333333333,0.7666666666666666,1.0,0.0,0.0,0.0,0.0,0.0,0.0,0.0,0.0,0.0
0.4074074074074079,0.5555555555555558,0.896551724137931,0.4,0.9,0.5,1.0,0.3333333333333333,0.6,0.0,0.0,1.0,0.0,0.0,1.0,0.0,0.0,1.0,0.0
0.5272727272727273,0.7818181818181822,0.7241379310344828,0.6,0.8,0.6,1.0,0.3333333333333333,0.6666666666666666,1.0,0.0,0.0,0.0,0.0,0.0,0.0,0.0,1.0,0.0
0.6000000000000001,0.6285714285714286,0.9310344827586207,0.4,0.9,1.0,1.0,0.3333333333333333,0.7666666666666666,1.0,0.0,0.0,0.0,0.0,1.0,0.0,0.0,1.0,0.0
0.5586206896551724,0.7517241379310344,0.9655172413793104,0.5,0.9,0.8,1.0,0.3333333333333333,0.7333333333333334,0.0,1.0,0.0,0.0,0.0,1.0,0.0,0.0,1.0,0.0
0.6000000000000001,0.5636363636363635,0.7241379310344828,0.9,0.9,1.0,1.0,0.3333333333333333,0.9333333333333332,0.0,1.0,0.0,0.0,0.0,0.0,0.0,0.0,1.0,0.0
0.657142857142857,0.5809523809523811,0.6896551724137931,0.8,1.0,0.8,1.0,0.3333333333333333,0.8666666666666667,0.0,0.0,1.0,0.0,0.0,0.0,0.0,0.0,1.0,0.0
0.6533333333333333,0.5200000000000005,1.0,0.5,0.7,0.9,1.0,0.3333333333333333,0.7000000000000001,0.0,1.0,0.0,0.0,0.0,1.0,0.0,0.0,1.0,0.0
0.7818181818181822,0.6000000000000001,0.7241379310344828,0.6,1.0,0.5,1.0,0.3333333333333333,0.7000000000000001,1.0,0.0,0.0,0.0,0.0,0.0,0.0,0.0,1.0,0.0
0.7142857142857149,0.4285714285714288,0.9310344827586207,0.4,0.9,0.8,1.0,0.3333333333333333,0.7000000000000001,1.0,0.0,0.0,0.0,0.0,1.0,0.0,0.0,0.0,0.0
0.48,0.8000000000000003,0.6551724137931035,0.5,0.9,0.75,1.0,0.3333333333333333,0.7166666666666667,0.0,1.0,0.0,0.0,0.0,0.0,0.0,0.0,1.0,0.0
0.4571428571428573,0.7714285714285718,0.9310344827586207,0.6,0.9,0.95,1.0,0.3333333333333333,0.8166666666666668,0.0,1.0,0.0,0.0,0.0,1.0,0.0,0.0,0.0,0.0
0.7052631578947373,0.6210526315789475,0.6206896551724138,0.9,0.8,0.8,1.0,0.3333333333333333,0.8333333333333334,1.0,0.0,0.0,0.0,0.0,0.0,0.0,0.0,1.0,0.0
0.5,0.5333333333333337,0.7931034482758621,1.0,0.9,0.9499999999999998,1.0,0.3333333333333333,0.9499999999999998,1.0,0.0,0.0,0.0,0.0,0.0,0.0,0.0,1.0,0.0
0.7913043478260868,0.7565217391304353,0.7586206896551725,0.5,0.8,1.0,1.0,0.3333333333333333,0.7666666666666666,1.0,0.0,0.0,0.0,0.0,1.0,0.0,0.0,0.0,0.0
0.7241379310344827,0.5862068965517242,0.9655172413793104,0.6,1.0,0.5,1.0,0.3333333333333333,0.7000000000000001,1.0,0.0,0.0,0.0,0.0,0.0,0.0,0.0,1.0,0.0
0.7439999999999998,0.6799999999999997,0.8275862068965517,0.5,1.0,0.5,1.0,0.3333333333333333,0.6666666666666666,0.0,0.0,1.0,0.0,0.0,0.0,0.0,0.0,1.0,0.0
0.6533333333333333,0.6000000000000001,1.0,0.4,0.9,0.95,1.0,0.3333333333333333,0.75,1.0,0.0,0.0,0.0,0.0,0.0,0.0,0.0,1.0,0.0
0.6413793103448278,0.6965517241379313,0.9655172413793104,0.9,0.8,0.9,1.0,0.3333333333333333,0.8666666666666667,0.0,1.0,0.0,0.0,0.0,0.0,0.0,0.0,1.0,0.0
0.5733333333333337,0.6266666666666669,1.0,0.4,0.9,0.95,1.0,0.3333333333333333,0.75,0.0,1.0,0.0,0.0,0.0,0.0,0.0,0.0,1.0,0.0
0.6479999999999997,0.6479999999999997,0.8275862068965517,0.4,1.0,1.0,1.0,0.3333333333333333,0.7999999999999999,0.0,1.0,0.0,0.0,0.0,0.0,0.0,0.0,1.0,0.0
0.5047619047619052,0.695238095238095,0.6896551724137931,0.4,0.8,1.0,1.0,0.3333333333333333,0.7333333333333334,1.0,0.0,0.0,0.0,0.0,1.0,0.0,0.0,1.0,0.0
0.6689655172413795,0.7241379310344827,0.9655172413793104,0.4,0.7,0.9,1.0,0.3333333333333333,0.6666666666666666,0.0,0.0,1.0,0.0,0.0,0.0,0.0,0.0,1.0,0.0
0.7538461538461543,0.5076923076923081,0.8620689655172414,0.4,0.6,0.75,1.0,0.3333333333333333,0.5833333333333334,0.0,0.0,1.0,0.0,0.0,1.0,0.0,0.0,1.0,0.0
0.7714285714285718,0.5142857142857147,0.9310344827586207,0.4,0.9,0.6,1.0,0.3333333333333333,0.6333333333333333,0.0,0.0,1.0,0.0,0.0,0.0,0.0,0.0,1.0,0.0
0.6210526315789475,0.7473684210526317,0.6206896551724138,0.5,0.9,0.85,1.0,0.3333333333333333,0.75,0.0,0.0,1.0,0.0,0.0,0.0,0.0,0.0,1.0,0.0
0.7565217391304353,0.6869565217391305,0.7586206896551725,0.4,0.8,1.0,1.0,0.3333333333333333,0.7333333333333334,0.0,1.0,0.0,0.0,0.0,0.0,0.0,0.0,1.0,0.0
0.48571428571428577,0.6000000000000001,0.9310344827586207,0.5,0.9,1.0,1.0,0.3333333333333333,0.7999999999999999,0.0,1.0,0.0,0.0,0.0,1.0,0.0,0.0,0.0,0.0
1.0,0.8222222222222224,0.27586206896551724,0.0,0.7,0.0,0.0,0.6666666666666666,0.2333333333333333,0.0,1.0,0.0,0.0,0.0,0.0,0.0,0.0,1.0,0.0
0.49473684210526336,0.36842105263157876,0.6206896551724138,0.6,0.8,0.6,1.0,0.3333333333333333,0.6666666666666666,0.0,0.0,1.0,0.0,0.0,0.0,0.0,0.0,0.0,0.0
0.6799999999999997,0.7119999999999997,0.8275862068965517,0.4,0.9,0.65,1.0,0.3333333333333333,0.65,0.0,1.0,0.0,0.0,0.0,1.0,0.0,0.0,1.0,0.0
0.4782608695652173,0.4782608695652173,0.7586206896551725,0.5,0.9,0.85,1.0,0.3333333333333333,0.75,0.0,0.0,0.0,1.0,0.0,0.0,0.0,0.0,1.0,0.0
0.7052631578947373,0.663157894736842,0.6206896551724138,0.4,0.6,0.75,1.0,0.3333333333333333,0.5833333333333334,1.0,0.0,0.0,0.0,0.0,0.0,0.0,0.0,1.0,0.0
0.6888888888888887,0.4666666666666668,0.5862068965517242,0.5,0.8,0.6,1.0,0.3333333333333333,0.6333333333333333,0.0,0.0,1.0,0.0,0.0,0.0,0.0,0.0,0.0,0.0
0.4526315789473685,0.663157894736842,0.6206896551724138,0.9,1.0,0.9,1.0,0.3333333333333333,0.9333333333333332,0.0,1.0,0.0,0.0,0.0,1.0,0.0,0.0,1.0,0.0
0.6000000000000001,0.5384615384615388,0.8620689655172414,0.5,0.8,0.95,1.0,0.3333333333333333,0.75,1.0,0.0,0.0,0.0,0.0,0.0,0.0,0.0,1.0,0.0
0.4285714285714288,0.5142857142857147,0.9310344827586207,0.5,0.6,0.8,1.0,0.3333333333333333,0.6333333333333334,0.0,0.0,0.0,1.0,0.0,0.0,0.0,0.0,0.0,0.0
0.6333333333333337,0.5666666666666664,0.7931034482758621,0.6,1.0,0.65,1.0,0.3333333333333333,0.75,1.0,0.0,0.0,0.0,0.0,0.0,0.0,0.0,1.0,0.0
1.0,1.0,0.1724137931034483,0.0,0.8500000000000001,0.0,0.0,0.0,0.2833333333333334,0.0,1.0,0.0,0.0,0.0,0.0,0.0,0.0,1.0,0.0
0.5333333333333337,0.7333333333333338,0.7931034482758621,0.5,1.0,0.9499999999999998,1.0,0.3333333333333333,0.8166666666666665,0.0,1.0,0.0,0.0,0.0,0.0,0.0,0.0,1.0,0.0
0.7600000000000002,0.6000000000000001,0.6551724137931035,0.5,0.8,0.95,1.0,0.3333333333333333,0.75,0.0,1.0,0.0,0.0,0.0,1.0,0.0,0.0,1.0,0.0
0.5851851851851855,0.43703703703703756,0.896551724137931,1.0,0.9,0.9,1.0,0.3333333333333333,0.9333333333333332,0.0,0.0,0.0,1.0,0.0,1.0,0.0,0.0,1.0,0.0
0.5862068965517242,0.4758620689655175,0.9655172413793104,0.4,0.8,0.95,1.0,0.3333333333333333,0.7166666666666668,0.0,0.0,0.0,1.0,0.0,1.0,0.0,0.0,1.0,0.0
0.6666666666666665,0.7000000000000002,0.7931034482758621,0.4000000000000001,1.0,0.9,1.0,0.3333333333333333,0.7666666666666667,0.0,0.0,1.0,0.0,0.0,1.0,0.0,0.0,1.0,0.0
0.8222222222222224,0.7333333333333338,0.5862068965517242,0.6,0.8,0.7,1.0,0.3333333333333333,0.6999999999999998,0.0,1.0,0.0,0.0,0.0,1.0,0.0,0.0,1.0,0.0
0.6000000000000001,0.5111111111111115,0.5862068965517242,0.6,0.8,0.8999999999999999,1.0,0.3333333333333333,0.7666666666666666,0.0,0.0,1.0,0.0,0.0,0.0,0.0,0.0,1.0,0.0
0.5692307692307694,0.5384615384615388,0.8620689655172414,0.5,1.0,0.75,1.0,0.3333333333333333,0.75,1.0,0.0,0.0,0.0,0.0,1.0,0.0,0.0,1.0,0.0
0.7000000000000002,0.5666666666666664,0.7931034482758621,0.6,0.8000000000000002,0.9,1.0,0.3333333333333333,0.7666666666666667,1.0,0.0,0.0,0.0,0.0,0.0,0.0,0.0,1.0,0.0
0.5034482758620693,0.6137931034482764,0.9655172413793104,0.9,0.9,0.5,1.0,0.3333333333333333,0.7666666666666666,1.0,0.0,0.0,0.0,0.0,0.0,0.0,0.0,1.0,0.0
0.40869565217391335,0.6173913043478261,0.7586206896551725,0.9,1.0,0.75,1.0,0.3333333333333333,0.8833333333333333,0.0,0.0,1.0,0.0,0.0,0.0,0.0,0.0,1.0,0.0
0.20000000000000018,0.20000000000000018,0.034482758620689655,0.0,0.0,0.0,0.0,0.0,0.0,0.0,1.0,0.0,0.0,0.0,0.0,0.0,0.0,1.0,0.0
0.7913043478260868,0.6869565217391305,0.7586206896551725,0.5,0.39999999999999997,0.65,0.0,0.0,0.5166666666666666,0.0,1.0,0.0,0.0,0.0,0.0,1.0,0.0,1.0,0.0
0.5555555555555558,0.6444444444444444,0.5862068965517242,0.8999999999999999,0.8999999999999999,1.0,1.0,0.3333333333333333,0.9333333333333332,0.0,0.0,1.0,0.0,0.0,1.0,0.0,0.0,1.0,0.0
0.5333333333333337,0.6000000000000001,0.7931034482758621,0.4000000000000001,0.9,1.0,1.0,0.3333333333333333,0.7666666666666666,0.0,1.0,0.0,0.0,0.0,0.0,0.0,0.0,1.0,0.0
0.4222222222222225,0.8666666666666667,0.5862068965517242,0.5,0.7,0.9499999999999998,1.0,0.3333333333333333,0.7166666666666667,1.0,0.0,0.0,0.0,0.0,1.0,0.0,0.0,1.0,0.0
0.6266666666666669,0.5200000000000005,1.0,0.4,0.6,0.6,1.0,0.3333333333333333,0.5333333333333333,0.0,0.0,0.0,1.0,0.0,0.0,0.0,0.0,1.0,0.0
0.5862068965517242,0.4206896551724135,0.9655172413793104,0.5,1.0,0.85,1.0,0.3333333333333333,0.7833333333333333,0.0,1.0,0.0,0.0,0.0,0.0,0.0,0.0,1.0,0.0
0.7333333333333338,0.43703703703703756,0.896551724137931,0.4,0.7,0.75,1.0,0.3333333333333333,0.6166666666666667,1.0,0.0,0.0,0.0,0.0,0.0,0.0,0.0,1.0,0.0
0.7600000000000002,0.706666666666667,1.0,0.4,1.0,1.0,1.0,0.3333333333333333,0.7999999999999999,0.0,0.0,1.0,0.0,0.0,0.0,0.0,0.0,1.0,0.0
0.5478260869565221,0.7217391304347829,0.7586206896551725,0.4,0.9,0.7,1.0,0.3333333333333333,0.6666666666666666,0.0,0.0,1.0,0.0,0.0,0.0,0.0,0.0,1.0,0.0
0.5600000000000005,0.6000000000000001,0.6551724137931035,0.9,1.0,0.65,1.0,0.3333333333333333,0.85,0.0,1.0,0.0,0.0,0.0,0.0,0.0,0.0,0.0,0.0
0.8260869565217392,0.8260869565217392,0.7586206896551725,0.8,0.6,0.8,1.0,0.3333333333333333,0.7333333333333334,0.0,0.0,1.0,0.0,0.0,0.0,0.0,0.0,1.0,0.0
0.6000000000000001,0.5076923076923081,0.8620689655172414,0.9000000000000001,1.0,0.95,1.0,0.3333333333333333,0.9500000000000001,0.0,1.0,0.0,0.0,0.0,1.0,0.0,0.0,1.0,0.0
0.20000000000000018,0.663157894736842,0.6206896551724138,0.4,0.9,0.9500000000000001,1.0,0.3333333333333333,0.75,0.0,0.0,1.0,0.0,0.0,0.0,0.0,0.0,0.0,0.0
0.3931034482758622,0.6689655172413795,0.9655172413793104,0.5,1.0,0.85,1.0,0.3333333333333333,0.7833333333333333,0.0,0.0,1.0,0.0,0.0,0.0,0.0,0.0,1.0,0.0
0.3818181818181823,0.6727272727272728,0.7241379310344828,0.4,1.0,0.85,1.0,0.3333333333333333,0.75,0.0,1.0,0.0,0.0,0.0,1.0,0.0,0.0,1.0,0.0
0.7629629629629626,0.49629629629629646,0.896551724137931,0.9,0.7,0.9,1.0,0.3333333333333333,0.8333333333333334,0.0,0.0,0.0,1.0,0.0,0.0,0.0,0.0,1.0,0.0
0.7894736842105261,0.5368421052631582,0.6206896551724138,0.9,1.0,0.85,1.0,0.3333333333333333,0.9166666666666666,0.0,0.0,1.0,0.0,0.0,1.0,0.0,0.0,1.0,0.0
0.6799999999999997,0.6533333333333333,1.0,0.5,0.8,0.85,1.0,0.3333333333333333,0.7166666666666667,0.0,1.0,0.0,0.0,0.0,0.0,0.0,0.0,1.0,0.0
0.674074074074074,0.674074074074074,0.896551724137931,0.9,0.8,1.0,1.0,0.3333333333333333,0.9,0.0,0.0,1.0,0.0,0.0,1.0,0.0,0.0,1.0,0.0
0.6965517241379313,0.5862068965517242,0.9655172413793104,1.0,0.9,0.9,1.0,0.3333333333333333,0.9333333333333332,1.0,0.0,0.0,0.0,0.0,0.0,0.0,0.0,0.0,0.0
0.6000000000000001,0.6727272727272728,0.7241379310344828,0.5,0.6,0.85,1.0,0.3333333333333333,0.65,1.0,0.0,0.0,0.0,0.0,1.0,0.0,0.0,1.0,0.0
0.5200000000000005,0.7866666666666671,1.0,0.4,1.0,0.75,1.0,0.3333333333333333,0.7166666666666667,0.0,0.0,1.0,0.0,0.0,1.0,0.0,0.0,1.0,0.0
0.48800000000000043,0.5840000000000005,0.8275862068965517,0.4,0.9,1.0,1.0,0.3333333333333333,0.7666666666666666,0.0,1.0,0.0,0.0,0.0,0.0,0.0,0.0,0.0,0.0
0.5111111111111115,0.7777777777777781,0.5862068965517242,1.0,0.8,0.75,1.0,0.3333333333333333,0.85,0.0,1.0,0.0,0.0,0.0,1.0,0.0,0.0,0.0,0.0
0.6000000000000001,0.6799999999999997,0.3103448275862069,0.0,0.7,0.9,0.0,0.0,0.5333333333333333,0.0,0.0,0.0,1.0,0.0,0.0,0.0,0.0,1.0,0.0
0.48571428571428577,0.6285714285714286,0.9310344827586207,0.8,0.7,0.85,1.0,0.3333333333333333,0.7833333333333333,1.0,0.0,0.0,0.0,0.0,1.0,0.0,0.0,1.0,0.0
1.0,1.0,0.2068965517241379,0.0,0.5,0.8,1.0,0.0,0.43333333333333335,1.0,0.0,0.0,0.0,0.0,0.0,0.0,0.0,1.0,0.0
0.4240000000000004,0.5840000000000005,0.8275862068965517,0.4,0.9,0.7,1.0,0.3333333333333333,0.6666666666666666,0.0,1.0,0.0,0.0,0.0,1.0,0.0,0.0,1.0,0.0
0.6000000000000001,0.6000000000000001,0.034482758620689655,0.0,0.5,0.0,0.0,0.0,0.16666666666666666,0.0,1.0,0.0,0.0,1.0,0.0,0.0,0.0,1.0,0.0
0.5259259259259261,0.674074074074074,0.896551724137931,0.5,0.8,0.65,1.0,0.3333333333333333,0.65,1.0,0.0,0.0,0.0,0.0,0.0,0.0,0.0,1.0,0.0
0.5840000000000005,0.5840000000000005,0.8275862068965517,0.4,0.9,0.95,1.0,0.3333333333333333,0.75,0.0,0.0,0.0,1.0,0.0,0.0,0.0,0.0,1.0,0.0
0.20000000000000018,0.20000000000000018,0.0,0.0,0.0,0.55,0.0,0.0,0.18333333333333335,0.0,1.0,0.0,0.0,0.0,1.0,0.0,0.0,1.0,0.0
0.7333333333333338,0.695238095238095,0.6896551724137931,0.9000000000000001,0.7,1.0,1.0,0.3333333333333333,0.8666666666666667,0.0,0.0,1.0,0.0,0.0,0.0,0.0,0.0,0.0,0.0
0.6666666666666665,0.6333333333333337,0.7931034482758621,1.0,0.6,0.8000000000000002,1.0,0.3333333333333333,0.8000000000000002,0.0,1.0,0.0,0.0,0.0,1.0,0.0,0.0,0.0,0.0
0.5466666666666669,0.5466666666666669,1.0,0.9,0.9,0.7,1.0,0.3333333333333333,0.8333333333333334,0.0,1.0,0.0,0.0,0.0,1.0,0.0,0.0,0.0,0.0
0.5636363636363635,0.27272727272727293,0.7241379310344828,1.0,0.8,0.75,1.0,0.3333333333333333,0.85,1.0,0.0,0.0,0.0,0.0,1.0,0.0,0.0,1.0,0.0
0.6666666666666665,0.6333333333333337,0.7931034482758621,0.5,1.0,0.9,1.0,0.3333333333333333,0.7999999999999999,0.0,0.0,1.0,0.0,0.0,1.0,0.0,0.0,1.0,0.0
0.4782608695652173,0.6521739130434785,0.7586206896551725,0.4,0.7,0.9,1.0,0.3333333333333333,0.6666666666666666,1.0,0.0,0.0,0.0,0.0,0.0,0.0,0.0,1.0,0.0
0.3454545454545457,0.5272727272727273,0.7241379310344828,0.5,0.7,0.9,1.0,0.3333333333333333,0.7000000000000001,1.0,0.0,0.0,0.0,0.0,0.0,0.0,0.0,0.0,0.0
0.7241379310344827,0.6137931034482764,0.9655172413793104,0.5,0.8,0.65,1.0,0.3333333333333333,0.65,0.0,1.0,0.0,0.0,0.0,1.0,0.0,0.0,1.0,0.0
0.48,0.6400000000000001,0.6551724137931035,0.5,0.9,1.0,1.0,0.3333333333333333,0.7999999999999999,0.0,1.0,0.0,0.0,0.0,0.0,0.0,0.0,1.0,0.0
0.40869565217391335,0.6173913043478261,0.7586206896551725,0.4,0.9,1.0,1.0,0.3333333333333333,0.7666666666666666,0.0,1.0,0.0,0.0,0.0,1.0,0.0,0.0,1.0,0.0
0.6689655172413795,0.6413793103448278,0.9655172413793104,0.4,0.9,0.9,1.0,0.3333333333333333,0.7333333333333334,0.0,0.0,1.0,0.0,0.0,1.0,0.0,0.0,1.0,0.0
0.8222222222222224,0.6444444444444444,0.5862068965517242,0.8999999999999999,0.8,0.7,1.0,0.3333333333333333,0.7999999999999999,0.0,0.0,1.0,0.0,0.0,0.0,0.0,0.0,1.0,0.0
0.8222222222222224,0.6888888888888887,0.5862068965517242,0.8999999999999999,1.0,0.8999999999999999,1.0,0.3333333333333333,0.9333333333333332,0.0,0.0,1.0,0.0,0.0,0.0,0.0,0.0,1.0,0.0
0.663157894736842,0.49473684210526336,0.6206896551724138,0.6,0.8,0.9,1.0,0.3333333333333333,0.7666666666666666,1.0,0.0,0.0,0.0,0.0,0.0,0.0,0.0,1.0,0.0
0.8133333333333335,0.6533333333333333,1.0,0.8,0.8,1.0,1.0,0.3333333333333333,0.8666666666666667,0.0,1.0,0.0,0.0,0.0,0.0,0.0,0.0,1.0,0.0
0.657142857142857,0.8095238095238098,0.6896551724137931,0.8,0.8,0.75,1.0,0.3333333333333333,0.7833333333333333,0.0,0.0,1.0,0.0,0.0,1.0,0.0,0.0,1.0,0.0
0.6689655172413795,0.5586206896551724,0.9655172413793104,0.8,0.9,0.7,1.0,0.3333333333333333,0.8000000000000002,1.0,0.0,0.0,0.0,0.0,0.0,0.0,0.0,1.0,0.0
0.5428571428571431,0.40000000000000036,0.9310344827586207,0.5,0.9,0.95,1.0,0.3333333333333333,0.7833333333333332,0.0,1.0,0.0,0.0,0.0,0.0,0.0,0.0,0.0,0.0
0.695238095238095,0.5428571428571431,0.6896551724137931,1.0,0.6,1.0,1.0,0.3333333333333333,0.8666666666666667,0.0,1.0,0.0,0.0,0.0,0.0,0.0,0.0,1.0,0.0
0.695238095238095,0.695238095238095,0.6896551724137931,0.4,0.9000000000000001,0.9000000000000001,1.0,0.3333333333333333,0.7333333333333334,0.0,1.0,0.0,0.0,0.0,0.0,0.0,0.0,1.0,0.0
0.4285714285714288,0.31428571428571495,0.6896551724137931,0.6,1.0,0.5,1.0,0.3333333333333333,0.7000000000000001,1.0,0.0,0.0,0.0,0.0,0.0,0.0,0.0,1.0,0.0
0.5200000000000005,0.5200000000000005,0.6551724137931035,0.5,1.0,0.7,1.0,0.3333333333333333,0.7333333333333334,0.0,1.0,0.0,0.0,0.0,1.0,0.0,0.0,1.0,0.0
0.8095238095238098,0.5047619047619052,0.6896551724137931,1.0,0.9000000000000001,0.7,1.0,0.3333333333333333,0.8666666666666667,1.0,0.0,0.0,0.0,0.0,0.0,0.0,0.0,1.0,0.0
0.5692307692307694,0.5692307692307694,0.8620689655172414,0.9000000000000001,1.0,0.8499999999999999,1.0,0.3333333333333333,0.9166666666666666,1.0,0.0,0.0,0.0,0.0,0.0,0.0,0.0,1.0,0.0
0.39047619047619087,0.6190476190476191,0.6896551724137931,0.8,0.9000000000000001,0.95,1.0,0.3333333333333333,0.8833333333333334,0.0,0.0,0.0,1.0,0.0,0.0,0.0,0.0,1.0,0.0
0.2400000000000002,0.6799999999999997,0.6551724137931035,0.5,0.9,0.75,1.0,0.3333333333333333,0.7166666666666667,0.0,1.0,0.0,0.0,0.0,0.0,0.0,0.0,0.0,0.0
0.8222222222222224,0.5555555555555558,0.5862068965517242,0.6,0.7,0.9499999999999998,1.0,0.3333333333333333,0.7499999999999999,0.0,1.0,0.0,0.0,0.0,0.0,0.0,0.0,1.0,0.0
0.5428571428571431,0.6857142857142855,0.9310344827586207,0.4,0.8,0.7,1.0,0.3333333333333333,0.6333333333333334,0.0,1.0,0.0,0.0,0.0,0.0,0.0,0.0,1.0,0.0
0.7565217391304353,0.6521739130434785,0.7586206896551725,0.8,1.0,1.0,1.0,0.3333333333333333,0.9333333333333332,0.0,0.0,1.0,0.0,0.0,0.0,0.0,0.0,1.0,0.0
0.5368421052631582,0.7052631578947373,0.6206896551724138,0.5,0.9,0.5,1.0,0.3333333333333333,0.6333333333333333,0.0,1.0,0.0,0.0,0.0,0.0,0.0,0.0,1.0,0.0
0.5111111111111115,0.4222222222222225,0.5862068965517242,0.4,1.0,0.65,1.0,0.3333333333333333,0.6833333333333332,0.0,0.0,1.0,0.0,0.0,0.0,0.0,0.0,0.0,0.0
0.5368421052631582,0.5368421052631582,0.6206896551724138,0.4,1.0,0.5,1.0,0.3333333333333333,0.6333333333333333,0.0,1.0,0.0,0.0,0.0,1.0,0.0,0.0,1.0,0.0
0.6000000000000001,0.6000000000000001,0.034482758620689655,0.0,0.0,0.0,0.0,0.0,0.0,0.0,1.0,0.0,0.0,0.0,0.0,1.0,0.0,1.0,0.0
0.8857142857142857,0.961904761904762,0.6896551724137931,0.65,0.9000000000000001,1.0,0.0,0.0,0.8500000000000001,0.0,1.0,0.0,0.0,0.0,0.0,1.0,0.0,1.0,0.0
0.30000000000000027,0.6666666666666665,0.7931034482758621,1.0,0.9,0.85,1.0,0.3333333333333333,0.9166666666666666,0.0,0.0,0.0,1.0,0.0,1.0,0.0,0.0,1.0,0.0
0.4222222222222225,0.28888888888888875,0.5862068965517242,0.4,0.8999999999999999,0.65,1.0,0.3333333333333333,0.6499999999999999,0.0,0.0,1.0,0.0,0.0,1.0,0.0,0.0,1.0,0.0
0.5333333333333337,0.5666666666666664,0.7931034482758621,1.0,1.0,0.85,1.0,0.3333333333333333,0.9500000000000001,0.0,0.0,1.0,0.0,0.0,0.0,0.0,0.0,1.0,0.0
0.5428571428571431,0.657142857142857,0.6896551724137931,0.5,1.0,0.75,1.0,0.3333333333333333,0.75,0.0,1.0,0.0,0.0,0.0,0.0,0.0,0.0,1.0,0.0
0.6869565217391305,0.6869565217391305,0.7586206896551725,0.8,0.9,0.9,1.0,0.3333333333333333,0.8666666666666667,0.0,1.0,0.0,0.0,0.0,1.0,0.0,0.0,1.0,0.0
0.5520000000000005,0.7119999999999997,0.8275862068965517,0.4,1.0,0.5,1.0,0.3333333333333333,0.6333333333333333,0.0,0.0,1.0,0.0,0.0,0.0,0.0,0.0,1.0,0.0
0.3818181818181823,0.5272727272727273,0.7241379310344828,0.4,1.0,0.8,1.0,0.3333333333333333,0.7333333333333334,1.0,0.0,0.0,0.0,0.0,1.0,0.0,0.0,1.0,0.0
0.6148148148148147,0.8518518518518521,0.896551724137931,0.4,0.9,0.65,1.0,0.3333333333333333,0.65,0.0,1.0,0.0,0.0,0.0,1.0,0.0,0.0,1.0,0.0
0.7473684210526317,0.7052631578947373,0.6206896551724138,0.4,0.8,0.9,1.0,0.3333333333333333,0.7000000000000001,1.0,0.0,0.0,0.0,0.0,0.0,0.0,0.0,0.0,0.0
0.5200000000000005,0.3600000000000003,0.8275862068965517,0.5,0.8,1.0,1.0,0.3333333333333333,0.7666666666666666,0.0,1.0,0.0,0.0,0.0,0.0,0.0,0.0,0.0,0.0
0.43999999999999995,0.5600000000000005,0.6551724137931035,0.9,0.8,0.5,1.0,0.3333333333333333,0.7333333333333334,0.0,1.0,0.0,0.0,0.0,0.0,0.0,0.0,1.0,0.0
0.36842105263157876,0.7473684210526317,0.6206896551724138,0.4,0.7,0.75,1.0,0.3333333333333333,0.6166666666666667,0.0,0.0,1.0,0.0,0.0,0.0,0.0,0.0,1.0,0.0
0.5600000000000005,0.6000000000000001,0.6551724137931035,0.5,1.0,0.75,1.0,0.3333333333333333,0.75,0.0,1.0,0.0,0.0,0.0,0.0,0.0,0.0,1.0,0.0
0.6000000000000001,0.5636363636363635,0.7241379310344828,0.4,1.0,1.0,1.0,0.3333333333333333,0.7999999999999999,1.0,0.0,0.0,0.0,0.0,0.0,0.0,0.0,0.0,0.0
0.4560000000000004,0.7439999999999998,0.8275862068965517,0.5,1.0,0.7,1.0,0.3333333333333333,0.7333333333333334,1.0,0.0,0.0,0.0,0.0,0.0,0.0,0.0,1.0,0.0
0.6479999999999997,0.5200000000000005,0.8275862068965517,0.4,1.0,0.75,1.0,0.3333333333333333,0.7166666666666667,0.0,0.0,1.0,0.0,0.0,0.0,1.0,0.0,1.0,0.0
0.7473684210526317,0.7473684210526317,0.6206896551724138,1.0,0.9,0.65,1.0,0.3333333333333333,0.85,1.0,0.0,0.0,0.0,0.0,1.0,0.0,0.0,1.0,0.0
0.5636363636363635,0.5636363636363635,0.7241379310344828,0.9,0.6,1.0,1.0,0.3333333333333333,0.8333333333333334,0.0,0.0,0.0,1.0,0.0,1.0,0.0,0.0,1.0,0.0
0.5840000000000005,0.5200000000000005,0.8275862068965517,0.5,0.9,0.9,1.0,0.3333333333333333,0.7666666666666666,0.0,1.0,0.0,0.0,0.0,1.0,0.0,0.0,1.0,0.0
0.5586206896551724,0.5586206896551724,0.9655172413793104,0.4,0.8,0.95,1.0,0.3333333333333333,0.7166666666666668,1.0,0.0,0.0,0.0,0.0,1.0,0.0,0.0,0.0,0.0
0.5142857142857147,0.6000000000000001,0.9310344827586207,0.4,1.0,0.8,1.0,0.3333333333333333,0.7333333333333334,0.0,1.0,0.0,0.0,0.0,0.0,0.0,0.0,1.0,0.0
0.8000000000000003,0.40000000000000036,0.7931034482758621,0.4000000000000001,1.0,0.9,1.0,0.3333333333333333,0.7666666666666667,1.0,0.0,0.0,0.0,0.0,1.0,0.0,0.0,1.0,0.0
0.6400000000000001,0.5600000000000005,0.6551724137931035,0.6,0.8,0.9,1.0,0.3333333333333333,0.7666666666666666,0.0,0.0,1.0,0.0,0.0,0.0,0.0,0.0,0.0,0.0
0.5368421052631582,0.5789473684210531,0.6206896551724138,1.0,0.9,0.8,1.0,0.3333333333333333,0.9,0.0,0.0,1.0,0.0,0.0,0.0,0.0,0.0,1.0,0.0
0.663157894736842,0.663157894736842,0.6206896551724138,0.4,0.8,1.0,1.0,0.3333333333333333,0.7333333333333334,0.0,0.0,1.0,0.0,0.0,1.0,0.0,0.0,1.0,0.0
0.6333333333333337,0.5333333333333337,0.7931034482758621,0.4000000000000001,1.0,0.65,1.0,0.3333333333333333,0.6833333333333335,0.0,1.0,0.0,0.0,0.0,0.0,0.0,0.0,1.0,0.0
0.6000000000000001,0.5076923076923081,0.8620689655172414,0.4,0.7,1.0,1.0,0.3333333333333333,0.7000000000000001,1.0,0.0,0.0,0.0,0.0,0.0,0.0,0.0,1.0,0.0
0.5034482758620693,0.7241379310344827,0.9655172413793104,0.5,1.0,0.65,1.0,0.3333333333333333,0.7166666666666667,0.0,1.0,0.0,0.0,0.0,0.0,0.0,0.0,1.0,0.0
0.5586206896551724,0.5862068965517242,0.9655172413793104,0.9,0.7,0.6,1.0,0.3333333333333333,0.7333333333333334,1.0,0.0,0.0,0.0,0.0,0.0,0.0,0.0,1.0,0.0
0.6965517241379313,0.6413793103448278,0.9655172413793104,0.4,0.7,0.5,1.0,0.3333333333333333,0.5333333333333333,0.0,1.0,0.0,0.0,0.0,1.0,0.0,0.0,1.0,0.0
0.6173913043478261,0.6173913043478261,0.7586206896551725,0.5,0.8,0.65,1.0,0.3333333333333333,0.65,0.0,0.0,1.0,0.0,0.0,0.0,0.0,0.0,1.0,0.0
0.7600000000000002,0.7200000000000006,0.6551724137931035,0.5,1.0,0.9,1.0,0.3333333333333333,0.7999999999999999,0.0,0.0,1.0,0.0,0.0,1.0,0.0,0.0,0.0,0.0
0.6000000000000001,0.45454545454545503,0.7241379310344828,0.5,0.9,0.9,1.0,0.3333333333333333,0.7666666666666666,1.0,0.0,0.0,0.0,0.0,0.0,0.0,0.0,1.0,0.0
0.4666666666666668,0.5555555555555558,0.896551724137931,0.5,0.7,0.85,1.0,0.3333333333333333,0.6833333333333332,0.0,1.0,0.0,0.0,0.0,0.0,0.0,0.0,0.0,0.0
0.6000000000000001,0.657142857142857,0.9310344827586207,0.5,0.6,0.8,1.0,0.3333333333333333,0.6333333333333334,0.0,1.0,0.0,0.0,0.0,0.0,0.0,0.0,1.0,0.0
0.6799999999999997,0.39200000000000035,0.8275862068965517,0.9,0.7,0.6,1.0,0.3333333333333333,0.7333333333333334,1.0,0.0,0.0,0.0,0.0,0.0,0.0,0.0,0.0,0.0
0.7538461538461543,0.6923076923076921,0.8620689655172414,0.6,0.9000000000000001,0.6500000000000001,1.0,0.3333333333333333,0.7166666666666668,1.0,0.0,0.0,0.0,0.0,1.0,0.0,0.0,1.0,0.0
0.5714285714285716,0.7142857142857149,0.9310344827586207,0.4,0.9,0.85,1.0,0.3333333333333333,0.7166666666666667,0.0,0.0,1.0,0.0,0.0,0.0,0.0,0.0,1.0,0.0
0.7090909090909094,0.6363636363636367,0.7241379310344828,0.8,0.9,0.6,1.0,0.3333333333333333,0.7666666666666667,0.0,0.0,1.0,0.0,0.0,0.0,0.0,0.0,1.0,0.0
0.663157894736842,0.7473684210526317,0.6206896551724138,0.4,1.0,0.8,1.0,0.3333333333333333,0.7333333333333334,0.0,1.0,0.0,0.0,0.0,1.0,0.0,0.0,0.0,0.0
0.4758620689655175,0.6965517241379313,0.9655172413793104,0.6,0.9,0.8,1.0,0.3333333333333333,0.7666666666666666,0.0,1.0,0.0,0.0,0.0,1.0,0.0,0.0,1.0,0.0
0.3777777777777782,0.6444444444444444,0.5862068965517242,0.4,0.8999999999999999,0.75,1.0,0.3333333333333333,0.6833333333333332,0.0,1.0,0.0,0.0,0.0,1.0,0.0,0.0,0.0,0.0
0.7333333333333338,0.6000000000000001,0.5862068965517242,0.8999999999999999,0.7,0.85,1.0,0.3333333333333333,0.8166666666666665,0.0,1.0,0.0,0.0,0.0,1.0,0.0,0.0,1.0,0.0
0.6000000000000001,0.6000000000000001,1.0,1.0,0.8,0.95,1.0,0.3333333333333333,0.9166666666666666,0.0,0.0,1.0,0.0,0.0,1.0,0.0,0.0,1.0,0.0
0.4285714285714288,0.4666666666666668,0.6896551724137931,0.8,0.9000000000000001,0.6,1.0,0.3333333333333333,0.7666666666666667,0.0,0.0,1.0,0.0,0.0,1.0,0.0,0.0,1.0,0.0
0.20000000000000018,0.20000000000000018,0.3793103448275862,0.0,1.0,0.0,0.0,1.0,0.3333333333333333,0.0,1.0,0.0,0.0,0.0,0.0,0.0,0.0,1.0,0.0
0.6533333333333333,0.5466666666666669,1.0,0.8,0.8,1.0,1.0,0.3333333333333333,0.8666666666666667,1.0,0.0,0.0,0.0,0.0,0.0,0.0,0.0,1.0,0.0
0.5130434782608697,0.6521739130434785,0.7586206896551725,0.4,1.0,0.9,1.0,0.3333333333333333,0.7666666666666666,0.0,0.0,1.0,0.0,0.0,0.0,0.0,0.0,1.0,0.0
0.5636363636363635,0.3454545454545457,0.7241379310344828,0.5,0.8,0.9,1.0,0.3333333333333333,0.7333333333333334,0.0,1.0,0.0,0.0,0.0,1.0,0.0,0.0,1.0,0.0
0.5428571428571431,0.22857142857142865,0.9310344827586207,0.4,0.9,0.7,1.0,0.3333333333333333,0.6666666666666666,0.0,1.0,0.0,0.0,0.0,0.0,0.0,0.0,0.0,0.0
0.6666666666666665,0.5,0.7931034482758621,0.5,1.0,0.5,1.0,0.3333333333333333,0.6666666666666666,1.0,0.0,0.0,0.0,0.0,1.0,0.0,0.0,1.0,0.0
0.5111111111111115,0.5111111111111115,0.5862068965517242,0.5,0.7,0.75,1.0,0.3333333333333333,0.65,0.0,1.0,0.0,0.0,0.0,0.0,0.0,0.0,1.0,0.0
0.44615384615384635,0.5076923076923081,0.8620689655172414,1.0,1.0,1.0,1.0,0.3333333333333333,1.0,0.0,0.0,0.0,1.0,0.0,1.0,0.0,0.0,0.0,0.0
0.5428571428571431,0.7428571428571433,0.9310344827586207,1.0,0.9,0.95,1.0,0.3333333333333333,0.9499999999999998,0.0,1.0,0.0,0.0,0.0,0.0,0.0,0.0,1.0,0.0
0.6190476190476191,0.5809523809523811,0.6896551724137931,0.5,1.0,0.65,1.0,0.3333333333333333,0.7166666666666667,1.0,0.0,0.0,0.0,0.0,1.0,0.0,0.0,1.0,0.0
0.663157894736842,0.6210526315789475,0.6206896551724138,0.5,0.7,1.0,1.0,0.3333333333333333,0.7333333333333334,1.0,0.0,0.0,0.0,0.0,1.0,0.0,0.0,0.0,0.0
0.7846153846153849,0.6307692307692307,0.8620689655172414,0.4,0.8,0.8,1.0,0.3333333333333333,0.6666666666666666,1.0,0.0,0.0,0.0,0.0,1.0,0.0,0.0,0.0,0.0
0.7517241379310344,0.5862068965517242,0.9655172413793104,0.4,0.8,0.9,1.0,0.3333333333333333,0.7000000000000001,0.0,1.0,0.0,0.0,0.0,0.0,0.0,0.0,1.0,0.0
0.7333333333333338,0.3333333333333339,0.5862068965517242,0.4,0.7,0.8,1.0,0.3333333333333333,0.6333333333333334,0.0,1.0,0.0,0.0,0.0,1.0,0.0,0.0,0.0,0.0
0.5310344827586206,0.7793103448275867,0.9655172413793104,0.4,0.8,1.0,1.0,0.3333333333333333,0.7333333333333334,0.0,0.0,1.0,0.0,0.0,0.0,0.0,0.0,1.0,0.0
0.5809523809523811,0.5809523809523811,0.6896551724137931,0.4,0.7,0.9000000000000001,1.0,0.3333333333333333,0.6666666666666666,0.0,1.0,0.0,0.0,0.0,0.0,0.0,0.0,1.0,0.0
0.7333333333333338,0.695238095238095,0.6896551724137931,0.4,0.8,0.95,1.0,0.3333333333333333,0.7166666666666668,1.0,0.0,0.0,0.0,0.0,1.0,0.0,0.0,1.0,0.0
0.5692307692307694,0.44615384615384635,0.8620689655172414,0.4,0.7,0.7,1.0,0.3333333333333333,0.6,0.0,1.0,0.0,0.0,0.0,1.0,0.0,0.0,1.0,0.0
0.6333333333333337,0.5666666666666664,0.7931034482758621,0.5,0.6999999999999998,0.9,1.0,0.3333333333333333,0.6999999999999998,0.0,1.0,0.0,0.0,0.0,0.0,0.0,0.0,1.0,0.0
0.5789473684210531,0.663157894736842,0.6206896551724138,0.6,1.0,0.6,1.0,0.3333333333333333,0.7333333333333334,0.0,0.0,1.0,0.0,0.0,1.0,0.0,0.0,1.0,0.0
0.6000000000000001,0.4666666666666668,0.5862068965517242,0.4,0.8999999999999999,0.85,1.0,0.3333333333333333,0.7166666666666667,1.0,0.0,0.0,0.0,0.0,0.0,0.0,0.0,1.0,0.0
0.7000000000000002,0.7333333333333338,0.7931034482758621,0.5,1.0,1.0,1.0,0.3333333333333333,0.8333333333333334,0.0,0.0,1.0,0.0,0.0,0.0,0.0,0.0,0.0,0.0
1.0,0.8000000000000003,0.10344827586206896,0.0,0.6,0.0,0.0,0.0,0.19999999999999998,0.0,1.0,0.0,0.0,0.0,0.0,0.0,1.0,1.0,0.0
0.4526315789473685,0.5789473684210531,0.6206896551724138,0.4,0.7,0.8,1.0,0.3333333333333333,0.6333333333333334,0.0,1.0,0.0,0.0,0.0,0.0,0.0,0.0,1.0,0.0
0.5600000000000005,0.5600000000000005,0.6551724137931035,0.5,1.0,0.9,1.0,0.3333333333333333,0.7999999999999999,1.0,0.0,0.0,0.0,0.0,1.0,0.0,0.0,1.0,0.0
0.8000000000000003,0.6799999999999997,0.6551724137931035,1.0,0.8,0.7,1.0,0.3333333333333333,0.8333333333333334,1.0,0.0,0.0,0.0,0.0,1.0,0.0,0.0,1.0,0.0
1.0,1.0,0.27586206896551724,0.75,0.8,0.75,0.0,0.0,0.7666666666666666,0.0,1.0,0.0,0.0,0.0,1.0,0.0,0.0,1.0,0.0
0.48,0.8000000000000003,0.6551724137931035,0.8,0.9,0.95,1.0,0.3333333333333333,0.8833333333333334,1.0,0.0,0.0,0.0,0.0,0.0,0.0,0.0,1.0,0.0
0.6666666666666665,0.5666666666666664,0.7931034482758621,0.4000000000000001,1.0,0.6999999999999998,1.0,0.3333333333333333,0.7000000000000001,0.0,1.0,0.0,0.0,0.0,1.0,0.0,0.0,1.0,0.0
0.5466666666666669,0.5733333333333337,1.0,0.5,0.9,0.6,1.0,0.3333333333333333,0.6666666666666666,1.0,0.0,0.0,0.0,0.0,0.0,0.0,0.0,1.0,0.0
0.6333333333333337,0.5333333333333337,0.7931034482758621,0.8000000000000002,0.8000000000000002,1.0,1.0,0.3333333333333333,0.8666666666666668,1.0,0.0,0.0,0.0,0.0,0.0,0.0,0.0,1.0,0.0
0.6444444444444444,0.6000000000000001,0.5862068965517242,0.4,1.0,0.5,1.0,0.3333333333333333,0.6333333333333333,0.0,1.0,0.0,0.0,0.0,1.0,0.0,0.0,1.0,0.0
0.4240000000000004,0.5840000000000005,0.8275862068965517,0.5,0.9,0.5,1.0,0.3333333333333333,0.6333333333333333,1.0,0.0,0.0,0.0,0.0,1.0,0.0,0.0,1.0,0.0
0.43999999999999995,0.6266666666666669,1.0,0.5,0.8,0.8,1.0,0.3333333333333333,0.7000000000000001,0.0,1.0,0.0,0.0,0.0,0.0,0.0,0.0,1.0,0.0
0.5851851851851855,0.3481481481481481,0.896551724137931,0.6,0.7,0.8,1.0,0.3333333333333333,0.6999999999999998,1.0,0.0,0.0,0.0,0.0,1.0,0.0,0.0,1.0,0.0
0.3600000000000003,0.6000000000000001,0.6551724137931035,0.6,0.9,0.5,1.0,0.3333333333333333,0.6666666666666666,1.0,0.0,0.0,0.0,0.0,1.0,0.0,0.0,1.0,0.0
0.43703703703703756,0.6148148148148147,0.896551724137931,0.5,0.9,0.5,1.0,0.3333333333333333,0.6333333333333333,0.0,0.0,1.0,0.0,0.0,1.0,0.0,0.0,1.0,0.0
0.3666666666666667,0.6666666666666665,0.7931034482758621,0.4000000000000001,0.9,0.9,1.0,0.3333333333333333,0.7333333333333334,1.0,0.0,0.0,0.0,0.0,1.0,0.0,0.0,1.0,0.0
0.5789473684210531,0.4526315789473685,0.6206896551724138,0.8,0.9,0.9,1.0,0.3333333333333333,0.8666666666666667,0.0,1.0,0.0,0.0,0.0,0.0,0.0,0.0,1.0,0.0
0.43999999999999995,0.7200000000000006,0.6551724137931035,0.6,0.9,0.9,1.0,0.3333333333333333,0.7999999999999999,1.0,0.0,0.0,0.0,0.0,0.0,0.0,0.0,1.0,0.0
0.8181818181818183,0.8181818181818183,0.7241379310344828,0.6,1.0,0.9,1.0,0.3333333333333333,0.8333333333333334,0.0,1.0,0.0,0.0,0.0,0.0,0.0,0.0,1.0,0.0
0.6666666666666665,0.6666666666666665,0.7931034482758621,0.8000000000000002,0.8000000000000002,0.9499999999999998,1.0,0.3333333333333333,0.8500000000000001,1.0,0.0,0.0,0.0,0.0,1.0,0.0,0.0,1.0,0.0
0.5333333333333337,0.5666666666666664,0.7931034482758621,0.6,0.8000000000000002,0.65,1.0,0.3333333333333333,0.6833333333333335,1.0,0.0,0.0,0.0,0.0,1.0,0.0,0.0,1.0,0.0
0.5555555555555558,0.6444444444444444,0.896551724137931,0.5,0.8,0.85,1.0,0.3333333333333333,0.7166666666666667,1.0,0.0,0.0,0.0,0.0,1.0,0.0,0.0,1.0,0.0
0.6000000000000001,0.6285714285714286,0.9310344827586207,0.9,0.7,0.7,1.0,0.3333333333333333,0.7666666666666666,1.0,0.0,0.0,0.0,0.0,0.0,0.0,0.0,1.0,0.0
0.4222222222222225,0.5555555555555558,0.5862068965517242,0.5,0.7,1.0,1.0,0.3333333333333333,0.7333333333333334,0.0,1.0,0.0,0.0,0.0,1.0,0.0,0.0,1.0,0.0
0.7333333333333338,0.4666666666666668,0.5862068965517242,0.5,0.7,0.5,1.0,0.3333333333333333,0.5666666666666667,0.0,0.0,1.0,0.0,0.0,1.0,0.0,0.0,1.0,0.0
0.6000000000000001,1.0,0.034482758620689655,0.0,0.0,0.0,0.0,0.0,0.0,0.0,1.0,0.0,0.0,0.0,0.0,0.0,0.0,1.0,0.0
0.6210526315789475,0.4526315789473685,0.6206896551724138,0.9,0.8,0.65,1.0,0.3333333333333333,0.7833333333333333,0.0,1.0,0.0,0.0,0.0,0.0,0.0,0.0,1.0,0.0
0.7241379310344827,0.5034482758620693,0.9655172413793104,0.4,1.0,0.85,1.0,0.3333333333333333,0.75,0.0,1.0,0.0,0.0,0.0,1.0,0.0,0.0,1.0,0.0
0.44615384615384635,0.6307692307692307,0.8620689655172414,0.6,0.9000000000000001,0.8499999999999999,1.0,0.3333333333333333,0.7833333333333332,0.0,0.0,0.0,1.0,0.0,0.0,0.0,0.0,1.0,0.0
0.6159999999999997,0.5520000000000005,0.8275862068965517,0.9,0.7,0.5,1.0,0.3333333333333333,0.7000000000000001,1.0,0.0,0.0,0.0,0.0,1.0,0.0,0.0,1.0,0.0
0.5200000000000005,0.4933333333333332,1.0,0.5,1.0,0.65,1.0,0.3333333333333333,0.7166666666666667,1.0,0.0,0.0,0.0,0.0,0.0,0.0,0.0,1.0,0.0
0.6444444444444444,0.4222222222222225,0.5862068965517242,0.5,1.0,0.6,1.0,0.3333333333333333,0.7000000000000001,1.0,0.0,0.0,0.0,0.0,0.0,0.0,0.0,1.0,0.0
0.5466666666666669,0.5466666666666669,1.0,1.0,0.8,0.9,1.0,0.3333333333333333,0.9,0.0,1.0,0.0,0.0,0.0,0.0,0.0,0.0,0.0,0.0
0.6266666666666669,0.6533333333333333,1.0,1.0,1.0,0.65,1.0,0.3333333333333333,0.8833333333333333,0.0,1.0,0.0,0.0,0.0,1.0,0.0,0.0,1.0,0.0
0.6444444444444444,0.6444444444444444,0.896551724137931,0.5,1.0,0.95,1.0,0.3333333333333333,0.8166666666666668,0.0,0.0,0.0,1.0,0.0,1.0,0.0,0.0,1.0,0.0
0.5333333333333337,0.6333333333333337,0.7931034482758621,0.4000000000000001,0.9,0.9499999999999998,1.0,0.3333333333333333,0.75,0.0,0.0,1.0,0.0,0.0,0.0,0.0,0.0,1.0,0.0
0.6727272727272728,0.6727272727272728,0.7241379310344828,0.6666666666666666,0.9,0.7000000000000001,0.0,0.0,0.7555555555555555,0.0,1.0,0.0,0.0,0.0,1.0,0.0,0.0,1.0,0.0
0.3428571428571434,0.6857142857142855,0.9310344827586207,0.4,0.9,0.75,1.0,0.3333333333333333,0.6833333333333332,0.0,0.0,1.0,0.0,0.0,0.0,0.0,0.0,0.0,0.0
0.2421052631578946,0.36842105263157876,0.6206896551724138,0.5,1.0,0.9500000000000001,1.0,0.3333333333333333,0.8166666666666668,0.0,1.0,0.0,0.0,0.0,0.0,0.0,0.0,1.0,0.0
0.6000000000000001,0.6307692307692307,0.8620689655172414,0.4,1.0,0.95,1.0,0.3333333333333333,0.7833333333333332,0.0,0.0,0.0,1.0,0.0,1.0,0.0,0.0,1.0,0.0
0.3454545454545457,0.7090909090909094,0.7241379310344828,0.9,1.0,1.0,1.0,0.3333333333333333,0.9666666666666667,0.0,0.0,1.0,0.0,0.0,1.0,0.0,0.0,1.0,0.0
0.43999999999999995,0.5600000000000005,0.6551724137931035,0.4,0.8,0.75,1.0,0.3333333333333333,0.65,0.0,1.0,0.0,0.0,0.0,0.0,0.0,0.0,0.0,0.0
1.0,1.0,0.41379310344827586,0.0,0.95,0.0,1.0,0.6666666666666666,0.31666666666666665,0.0,1.0,0.0,0.0,0.0,0.0,0.0,0.0,1.0,1.0
0.5259259259259261,0.674074074074074,0.896551724137931,0.5,1.0,0.8,1.0,0.3333333333333333,0.7666666666666666,1.0,0.0,0.0,0.0,0.0,0.0,0.0,0.0,1.0,0.0
0.7846153846153849,0.7846153846153849,0.8620689655172414,0.5,0.9000000000000001,1.0,1.0,0.3333333333333333,0.8000000000000002,0.0,0.0,1.0,0.0,0.0,1.0,0.0,0.0,1.0,0.0
0.6727272727272728,0.6000000000000001,0.7241379310344828,0.4,0.8,0.6,1.0,0.3333333333333333,0.6000000000000001,0.0,0.0,1.0,0.0,0.0,0.0,0.0,0.0,1.0,0.0
0.5636363636363635,0.6727272727272728,0.7241379310344828,0.5,1.0,1.0,1.0,0.3333333333333333,0.8333333333333334,0.0,1.0,0.0,0.0,0.0,1.0,0.0,0.0,1.0,0.0
0.7454545454545456,0.5272727272727273,0.7241379310344828,1.0,1.0,0.95,1.0,0.3333333333333333,0.9833333333333334,0.0,1.0,0.0,0.0,0.0,0.0,0.0,0.0,1.0,0.0
0.49629629629629646,0.7333333333333338,0.896551724137931,0.8,0.9,0.65,1.0,0.3333333333333333,0.7833333333333333,0.0,1.0,0.0,0.0,0.0,0.0,0.0,0.0,1.0,0.0
1.0,1.0,0.24137931034482757,0.0,0.9,0.0,1.0,0.0,0.3,0.0,1.0,0.0,0.0,0.0,0.0,0.0,0.0,1.0,1.0
0.3333333333333339,0.20000000000000018,0.1724137931034483,0.0,1.0,0.0,0.0,0.0,0.3333333333333333,0.0,1.0,0.0,0.0,0.0,0.0,0.0,0.0,1.0,0.0
0.7090909090909094,0.5272727272727273,0.7241379310344828,0.8,0.7,0.7,1.0,0.3333333333333333,0.7333333333333334,0.0,0.0,1.0,0.0,0.0,1.0,0.0,0.0,1.0,0.0
0.6266666666666669,0.6533333333333333,1.0,0.6,0.8,1.0,1.0,0.3333333333333333,0.7999999999999999,0.0,1.0,0.0,0.0,0.0,1.0,0.0,0.0,1.0,0.0
0.6413793103448278,0.6137931034482764,0.9655172413793104,1.0,0.9,0.9,1.0,0.3333333333333333,0.9333333333333332,1.0,0.0,0.0,0.0,0.0,1.0,0.0,0.0,1.0,0.0
0.45454545454545503,0.6363636363636367,0.7241379310344828,0.5,0.8,0.5,1.0,0.3333333333333333,0.6,1.0,0.0,0.0,0.0,0.0,1.0,0.0,0.0,1.0,0.0
0.3600000000000003,0.5200000000000005,0.6551724137931035,0.4,0.8,0.9,1.0,0.3333333333333333,0.7000000000000001,1.0,0.0,0.0,0.0,0.0,1.0,0.0,0.0,1.0,0.0
0.5666666666666664,0.8000000000000003,0.7931034482758621,0.4000000000000001,1.0,0.65,1.0,0.3333333333333333,0.6833333333333335,0.0,0.0,1.0,0.0,0.0,1.0,0.0,0.0,1.0,0.0
1.0,1.0,0.0,0.0,0.4,0.0,0.0,0.0,0.13333333333333333,0.0,1.0,0.0,0.0,0.0,0.0,0.0,0.0,1.0,0.0
0.5428571428571431,0.5428571428571431,0.9310344827586207,0.4,0.9,0.85,1.0,0.3333333333333333,0.7166666666666667,0.0,1.0,0.0,0.0,0.0,0.0,0.0,0.0,1.0,0.0
0.4074074074074079,0.5555555555555558,0.896551724137931,0.6,0.7,0.85,1.0,0.3333333333333333,0.7166666666666667,1.0,0.0,0.0,0.0,0.0,1.0,0.0,0.0,1.0,0.0
0.3600000000000003,0.20000000000000018,0.3103448275862069,0.0,0.7,0.85,0.0,0.0,0.5166666666666666,0.0,1.0,0.0,0.0,0.0,0.0,0.0,0.0,1.0,0.0
0.6444444444444444,0.6444444444444444,0.896551724137931,0.5,1.0,0.9,1.0,0.3333333333333333,0.7999999999999999,0.0,1.0,0.0,0.0,0.0,1.0,0.0,0.0,0.0,0.0
0.6923076923076921,0.6923076923076921,0.8620689655172414,0.6,0.6,1.0,1.0,0.3333333333333333,0.7333333333333334,0.0,1.0,0.0,0.0,0.0,0.0,0.0,0.0,1.0,0.0
0.5200000000000005,0.5200000000000005,0.6551724137931035,1.0,0.9,1.0,1.0,0.3333333333333333,0.9666666666666667,1.0,0.0,0.0,0.0,0.0,0.0,0.0,0.0,1.0,0.0
0.4526315789473685,0.7894736842105261,0.6206896551724138,0.6,0.9,1.0,1.0,0.3333333333333333,0.8333333333333334,0.0,0.0,1.0,0.0,0.0,0.0,0.0,0.0,0.0,0.0
0.6666666666666665,0.6333333333333337,0.7931034482758621,0.8000000000000002,0.9,1.0,1.0,0.3333333333333333,0.9,0.0,1.0,0.0,0.0,0.0,0.0,0.0,0.0,1.0,0.0
0.33913043478260896,0.6869565217391305,0.7586206896551725,0.6,1.0,0.5,1.0,0.3333333333333333,0.7000000000000001,1.0,0.0,0.0,0.0,0.0,1.0,0.0,0.0,1.0,0.0
0.6533333333333333,0.5200000000000005,1.0,0.4,0.9,0.6,1.0,0.3333333333333333,0.6333333333333333,0.0,1.0,0.0,0.0,0.0,0.0,0.0,0.0,1.0,0.0
0.48800000000000043,0.6479999999999997,0.8275862068965517,0.5,0.8,0.5,1.0,0.3333333333333333,0.6,0.0,1.0,0.0,0.0,0.0,0.0,0.0,0.0,1.0,0.0
0.5034482758620693,0.5310344827586206,0.9655172413793104,0.5,0.7,0.8,1.0,0.3333333333333333,0.6666666666666666,1.0,0.0,0.0,0.0,0.0,0.0,0.0,0.0,1.0,0.0
0.4782608695652173,0.4782608695652173,0.7586206896551725,0.4,0.9,0.5,1.0,0.3333333333333333,0.6,0.0,1.0,0.0,0.0,0.0,0.0,0.0,0.0,0.0,0.0
0.8476190476190477,0.5047619047619052,0.6896551724137931,0.8,0.8,0.95,1.0,0.3333333333333333,0.85,1.0,0.0,0.0,0.0,0.0,0.0,0.0,0.0,0.0,0.0
0.5714285714285716,0.4571428571428573,0.9310344827586207,0.5,0.9,0.65,1.0,0.3333333333333333,0.6833333333333332,1.0,0.0,0.0,0.0,0.0,1.0,0.0,0.0,1.0,0.0
0.6000000000000001,0.6000000000000001,0.7241379310344828,1.0,0.9,0.6,1.0,0.3333333333333333,0.8333333333333334,1.0,0.0,0.0,0.0,0.0,0.0,0.0,0.0,1.0,0.0
0.7333333333333338,0.5809523809523811,0.6896551724137931,0.4,1.0,0.6,1.0,0.3333333333333333,0.6666666666666666,0.0,0.0,1.0,0.0,0.0,1.0,0.0,0.0,1.0,0.0
1.0,0.9466666666666672,0.4827586206896552,0.5,0.9,0.675,1.0,0.0,0.6916666666666668,0.0,1.0,0.0,0.0,0.0,0.0,0.0,0.0,0.0,0.0
0.5310344827586206,0.6413793103448278,0.9655172413793104,0.4,0.6,0.95,1.0,0.3333333333333333,0.65,0.0,1.0,0.0,0.0,0.0,1.0,0.0,0.0,1.0,0.0
0.5333333333333337,0.5,0.7931034482758621,0.8000000000000002,0.8000000000000002,0.6,1.0,0.3333333333333333,0.7333333333333334,1.0,0.0,0.0,0.0,0.0,0.0,0.0,0.0,1.0,0.0
0.8000000000000003,0.6000000000000001,0.9310344827586207,0.4,1.0,0.6,1.0,0.3333333333333333,0.6666666666666666,1.0,0.0,0.0,0.0,0.0,0.0,0.0,0.0,1.0,0.0
0.7793103448275867,0.5310344827586206,0.9655172413793104,0.4,0.8,0.65,1.0,0.3333333333333333,0.6166666666666667,0.0,1.0,0.0,0.0,0.0,1.0,0.0,0.0,1.0,0.0
0.6799999999999997,0.5733333333333337,1.0,0.5,1.0,0.75,1.0,0.3333333333333333,0.75,0.0,0.0,1.0,0.0,0.0,1.0,0.0,0.0,1.0,0.0
0.45454545454545503,0.5636363636363635,0.7241379310344828,0.9,1.0,0.5,1.0,0.3333333333333333,0.7999999999999999,0.0,1.0,0.0,0.0,0.0,0.0,0.0,0.0,1.0,0.0
0.6210526315789475,0.8315789473684214,0.6206896551724138,1.0,1.0,1.0,1.0,0.3333333333333333,1.0,0.0,0.0,1.0,0.0,0.0,1.0,0.0,0.0,1.0,0.0
0.7565217391304353,0.5130434782608697,0.7586206896551725,0.5,0.9,0.8,1.0,0.3333333333333333,0.7333333333333334,1.0,0.0,0.0,0.0,0.0,1.0,0.0,0.0,0.0,0.0
0.3600000000000003,0.6400000000000001,0.6551724137931035,0.5,0.8,1.0,1.0,0.3333333333333333,0.7666666666666666,1.0,0.0,0.0,0.0,0.0,0.0,0.0,0.0,1.0,0.0
0.3066666666666671,0.3066666666666671,0.4827586206896552,0.0,0.95,0.0,0.0,0.0,0.31666666666666665,0.0,1.0,0.0,0.0,0.0,0.0,0.0,0.0,1.0,0.0
0.4666666666666668,0.695238095238095,0.6896551724137931,0.4,0.8,0.95,1.0,0.3333333333333333,0.7166666666666668,0.0,1.0,0.0,0.0,0.0,0.0,0.0,0.0,1.0,0.0
0.5692307692307694,0.5076923076923081,0.8620689655172414,0.5,0.9000000000000001,0.9000000000000001,1.0,0.3333333333333333,0.7666666666666667,1.0,0.0,0.0,0.0,0.0,1.0,0.0,0.0,1.0,0.0
0.6400000000000001,0.43999999999999995,0.6551724137931035,0.4,0.8,0.85,1.0,0.3333333333333333,0.6833333333333335,0.0,0.0,1.0,0.0,0.0,0.0,0.0,0.0,1.0,0.0
0.5384615384615388,0.5076923076923081,0.8620689655172414,0.4,0.8,0.6500000000000001,1.0,0.3333333333333333,0.6166666666666668,0.0,0.0,0.0,1.0,0.0,0.0,0.0,0.0,1.0,0.0
0.6444444444444444,0.7333333333333338,0.5862068965517242,0.5,1.0,1.0,1.0,0.3333333333333333,0.8333333333333334,0.0,1.0,0.0,0.0,0.0,0.0,0.0,0.0,1.0,0.0
0.6137931034482764,0.7241379310344827,0.9655172413793104,1.0,1.0,0.5,1.0,0.3333333333333333,0.8333333333333334,0.0,1.0,0.0,0.0,0.0,0.0,0.0,0.0,1.0,0.0
0.6857142857142855,0.5714285714285716,0.9310344827586207,0.5,1.0,0.85,1.0,0.3333333333333333,0.7833333333333333,0.0,1.0,0.0,0.0,0.0,0.0,1.0,0.0,0.0,0.0
0.8666666666666667,0.6000000000000001,0.7931034482758621,0.4000000000000001,0.9,0.75,1.0,0.3333333333333333,0.6833333333333332,1.0,0.0,0.0,0.0,0.0,1.0,0.0,0.0,1.0,0.0
0.5600000000000005,0.7200000000000006,0.6551724137931035,0.6,0.9,0.65,1.0,0.3333333333333333,0.7166666666666667,0.0,0.0,1.0,0.0,0.0,1.0,0.0,0.0,1.0,0.0
0.4933333333333332,0.6799999999999997,1.0,0.8,0.6,0.65,1.0,0.3333333333333333,0.6833333333333332,0.0,0.0,1.0,0.0,0.0,0.0,0.0,0.0,1.0,0.0
0.7200000000000006,0.6400000000000001,0.6551724137931035,0.4,0.9,0.6,1.0,0.3333333333333333,0.6333333333333333,0.0,1.0,0.0,0.0,0.0,0.0,0.0,0.0,0.0,0.0
0.6173913043478261,0.5478260869565221,0.7586206896551725,0.5,0.9,0.9,1.0,0.3333333333333333,0.7666666666666666,1.0,0.0,0.0,0.0,0.0,1.0,0.0,0.0,1.0,0.0
0.40000000000000036,0.657142857142857,0.9310344827586207,0.8,0.6,0.95,1.0,0.3333333333333333,0.7833333333333332,1.0,0.0,0.0,0.0,0.0,0.0,0.0,0.0,1.0,0.0
0.7052631578947373,0.7894736842105261,0.6206896551724138,0.5,0.8,0.9,1.0,0.3333333333333333,0.7333333333333334,1.0,0.0,0.0,0.0,0.0,1.0,0.0,0.0,1.0,0.0
0.5200000000000005,0.5466666666666669,1.0,0.4,0.8,0.8,1.0,0.3333333333333333,0.6666666666666666,0.0,0.0,1.0,0.0,0.0,1.0,0.0,0.0,0.0,0.0
0.7090909090909094,0.5272727272727273,0.7241379310344828,0.6,1.0,0.75,1.0,0.3333333333333333,0.7833333333333333,1.0,0.0,0.0,0.0,0.0,0.0,0.0,0.0,1.0,0.0
0.6888888888888887,0.6444444444444444,0.5862068965517242,0.0,0.0,0.0,0.0,0.0,0.0,0.0,1.0,0.0,0.0,0.0,0.0,0.0,0.0,1.0,0.0
0.5666666666666664,0.6333333333333337,0.7931034482758621,0.4000000000000001,0.9,0.8000000000000002,1.0,0.3333333333333333,0.7000000000000001,1.0,0.0,0.0,0.0,0.0,0.0,0.0,0.0,1.0,0.0
1.0,1.0,0.10344827586206896,0.0,0.6,0.0,0.0,0.0,0.19999999999999998,0.0,1.0,0.0,0.0,0.0,0.0,0.0,1.0,1.0,0.0
0.5733333333333337,0.6799999999999997,1.0,0.4,1.0,0.7,1.0,0.3333333333333333,0.6999999999999998,1.0,0.0,0.0,0.0,0.0,0.0,0.0,0.0,1.0,0.0
0.7119999999999997,0.8079999999999998,0.8275862068965517,0.4,0.8,0.7,1.0,0.3333333333333333,0.6333333333333334,0.0,1.0,0.0,0.0,0.0,0.0,0.0,0.0,1.0,0.0
1.0,1.0,0.4827586206896552,0.85,0.0,0.0,0.0,0.0,0.2833333333333333,0.0,1.0,0.0,0.0,0.0,1.0,0.0,0.0,1.0,0.0
0.8909090909090907,0.5272727272727273,0.7241379310344828,1.0,0.9,0.75,1.0,0.3333333333333333,0.8833333333333333,0.0,1.0,0.0,0.0,0.0,1.0,0.0,0.0,1.0,0.0
0.5272727272727273,0.7090909090909094,0.7241379310344828,0.9,1.0,1.0,1.0,0.3333333333333333,0.9666666666666667,1.0,0.0,0.0,0.0,0.0,1.0,0.0,0.0,1.0,0.0
0.4666666666666668,0.6266666666666669,1.0,0.4,0.8,0.9,1.0,0.3333333333333333,0.7000000000000001,0.0,1.0,0.0,0.0,0.0,0.0,0.0,0.0,0.0,0.0
0.5826086956521745,0.5130434782608697,0.7586206896551725,0.5,1.0,1.0,1.0,0.3333333333333333,0.8333333333333334,0.0,0.0,0.0,1.0,0.0,1.0,0.0,0.0,0.0,0.0
0.4666666666666668,0.7666666666666666,0.7931034482758621,0.6,0.9,0.6,1.0,0.3333333333333333,0.7000000000000001,1.0,0.0,0.0,0.0,0.0,0.0,0.0,0.0,1.0,0.0
0.0,0.0,0.10344827586206896,0.0,0.0,0.0,0.0,0.0,0.0,0.0,1.0,0.0,0.0,0.0,0.0,0.0,0.0,1.0,0.0
0.3666666666666667,0.6000000000000001,0.7931034482758621,0.6,0.8000000000000002,0.9,1.0,0.3333333333333333,0.7666666666666667,0.0,1.0,0.0,0.0,0.0,0.0,0.0,0.0,0.0,0.0
0.5111111111111115,0.7777777777777781,0.5862068965517242,0.6,0.8999999999999999,0.8999999999999999,1.0,0.3333333333333333,0.7999999999999999,0.0,1.0,0.0,0.0,0.0,0.0,0.0,0.0,1.0,0.0
0.3714285714285719,0.657142857142857,0.9310344827586207,1.0,0.9,1.0,1.0,0.3333333333333333,0.9666666666666667,0.0,0.0,0.0,1.0,0.0,1.0,0.0,0.0,1.0,0.0
0.6888888888888887,0.7333333333333338,0.5862068965517242,0.4,0.8,0.8,1.0,0.3333333333333333,0.6666666666666666,0.0,1.0,0.0,0.0,0.0,0.0,0.0,0.0,0.0,0.0
0.3523809523809529,0.695238095238095,0.6896551724137931,0.4,1.0,0.65,1.0,0.3333333333333333,0.6833333333333332,1.0,0.0,0.0,0.0,0.0,0.0,0.0,0.0,1.0,0.0
0.6000000000000001,0.5111111111111115,0.5862068965517242,0.6,0.8,0.6,1.0,0.3333333333333333,0.6666666666666666,0.0,0.0,0.0,1.0,0.0,1.0,0.0,0.0,1.0,0.0
0.674074074074074,0.4666666666666668,0.896551724137931,0.8,1.0,0.75,1.0,0.3333333333333333,0.85,1.0,0.0,0.0,0.0,0.0,0.0,0.0,0.0,1.0,0.0
0.5272727272727273,0.6000000000000001,0.7241379310344828,1.0,0.8,0.7,1.0,0.3333333333333333,0.8333333333333334,0.0,1.0,0.0,0.0,0.0,0.0,0.0,0.0,0.0,0.0
0.6000000000000001,0.5466666666666669,1.0,0.8,0.7,0.85,1.0,0.3333333333333333,0.7833333333333333,1.0,0.0,0.0,0.0,0.0,1.0,0.0,0.0,1.0,0.0
0.4285714285714288,0.657142857142857,0.6896551724137931,0.5,0.8,0.75,1.0,0.3333333333333333,0.6833333333333332,0.0,0.0,1.0,0.0,0.0,0.0,0.0,0.0,1.0,0.0
0.6210526315789475,0.7894736842105261,0.6206896551724138,0.9,1.0,1.0,1.0,0.3333333333333333,0.9666666666666667,1.0,0.0,0.0,0.0,0.0,0.0,0.0,0.0,0.0,0.0
1.0,1.0,0.034482758620689655,0.0,1.0,0.0,0.0,0.0,0.3333333333333333,0.0,1.0,0.0,0.0,0.0,0.0,0.0,0.0,1.0,0.0
0.6266666666666669,0.7333333333333338,1.0,0.9,0.6,0.85,1.0,0.3333333333333333,0.7833333333333333,1.0,0.0,0.0,0.0,0.0,0.0,0.0,0.0,1.0,0.0
0.6190476190476191,0.7333333333333338,0.6896551724137931,0.8,0.8,1.0,1.0,0.3333333333333333,0.8666666666666667,0.0,0.0,1.0,0.0,0.0,0.0,0.0,0.0,1.0,0.0
0.6400000000000001,0.6799999999999997,0.6551724137931035,0.4,0.8,1.0,1.0,0.3333333333333333,0.7333333333333334,0.0,1.0,0.0,0.0,0.0,0.0,0.0,0.0,0.0,0.0
0.5555555555555558,0.6444444444444444,0.5862068965517242,0.8,0.8999999999999999,1.0,1.0,0.3333333333333333,0.9,0.0,1.0,0.0,0.0,0.0,0.0,0.0,0.0,1.0,0.0
0.6307692307692307,0.5384615384615388,0.8620689655172414,0.4,0.8,0.7,1.0,0.3333333333333333,0.6333333333333334,1.0,0.0,0.0,0.0,0.0,1.0,0.0,0.0,1.0,0.0
0.5733333333333337,0.6799999999999997,1.0,0.4,0.9,0.95,1.0,0.3333333333333333,0.75,0.0,0.0,1.0,0.0,0.0,1.0,0.0,0.0,1.0,0.0
0.48571428571428577,0.6857142857142855,0.9310344827586207,0.4,0.9,0.85,1.0,0.3333333333333333,0.7166666666666667,1.0,0.0,0.0,0.0,0.0,0.0,0.0,0.0,1.0,0.0
0.6444444444444444,0.6888888888888887,0.5862068965517242,0.5,0.8,0.75,1.0,0.3333333333333333,0.6833333333333332,0.0,0.0,0.0,1.0,0.0,0.0,0.0,0.0,0.0,0.0
0.5428571428571431,0.695238095238095,0.6896551724137931,0.4,1.0,0.95,1.0,0.3333333333333333,0.7833333333333332,1.0,0.0,0.0,0.0,0.0,0.0,0.0,0.0,1.0,0.0
0.20000000000000018,0.20000000000000018,0.034482758620689655,0.0,0.0,0.0,0.0,0.0,0.0,1.0,0.0,0.0,0.0,0.0,0.0,0.0,0.0,1.0,0.0
0.5200000000000005,0.8000000000000003,0.6551724137931035,0.4,0.9,0.7,1.0,0.3333333333333333,0.6666666666666666,0.0,0.0,1.0,0.0,0.0,1.0,0.0,0.0,0.0,0.0
0.5862068965517242,0.6413793103448278,0.9655172413793104,0.8,0.8,0.65,1.0,0.3333333333333333,0.75,0.0,0.0,1.0,0.0,0.0,1.0,0.0,0.0,1.0,0.0
0.6965517241379313,0.6413793103448278,0.9655172413793104,0.5,0.6,0.65,1.0,0.3333333333333333,0.5833333333333334,0.0,0.0,1.0,0.0,0.0,0.0,0.0,0.0,0.0,0.0
0.6000000000000001,0.5142857142857147,0.9310344827586207,0.4,0.9,0.95,1.0,0.3333333333333333,0.75,1.0,0.0,0.0,0.0,0.0,1.0,0.0,0.0,1.0,0.0
0.7333333333333338,0.6266666666666669,1.0,0.9,0.6,1.0,1.0,0.3333333333333333,0.8333333333333334,0.0,0.0,0.0,1.0,0.0,1.0,0.0,0.0,1.0,0.0
0.5478260869565221,0.6869565217391305,0.7586206896551725,0.4,0.9,0.5,1.0,0.3333333333333333,0.6,1.0,0.0,0.0,0.0,0.0,1.0,0.0,0.0,1.0,0.0
0.6363636363636367,0.5272727272727273,0.7241379310344828,0.4,0.6,1.0,1.0,0.3333333333333333,0.6666666666666666,0.0,0.0,1.0,0.0,0.0,0.0,1.0,0.0,0.0,0.0
0.6689655172413795,0.5862068965517242,0.9655172413793104,1.0,0.8,0.6,1.0,0.3333333333333333,0.7999999999999999,0.0,1.0,0.0,0.0,0.0,1.0,0.0,0.0,0.0,0.0
0.7200000000000006,0.6400000000000001,0.6551724137931035,0.6,0.9,0.8,1.0,0.3333333333333333,0.7666666666666666,0.0,1.0,0.0,0.0,0.0,0.0,0.0,0.0,1.0,0.0
0.5809523809523811,0.5809523809523811,0.6896551724137931,0.4,1.0,0.75,1.0,0.3333333333333333,0.7166666666666667,0.0,0.0,1.0,0.0,0.0,1.0,0.0,0.0,1.0,0.0
0.3655172413793104,0.6689655172413795,0.9655172413793104,0.5,0.9,0.8,1.0,0.3333333333333333,0.7333333333333334,1.0,0.0,0.0,0.0,0.0,0.0,0.0,0.0,1.0,0.0
0.41052631578947407,0.5789473684210531,0.6206896551724138,0.5,1.0,0.9,1.0,0.3333333333333333,0.7999999999999999,0.0,1.0,0.0,0.0,0.0,0.0,0.0,0.0,1.0,0.0
0.7629629629629626,0.6444444444444444,0.896551724137931,0.4,0.7,0.7,1.0,0.3333333333333333,0.6,1.0,0.0,0.0,0.0,0.0,0.0,0.0,0.0,1.0,0.0
0.8000000000000003,0.8000000000000003,0.6551724137931035,0.9,0.6,0.9,1.0,0.3333333333333333,0.7999999999999999,0.0,1.0,0.0,0.0,0.0,0.0,0.0,0.0,1.0,0.0
0.7565217391304353,0.5130434782608697,0.7586206896551725,0.5,1.0,0.75,1.0,0.3333333333333333,0.75,0.0,1.0,0.0,0.0,0.0,0.0,0.0,0.0,1.0,0.0
0.8000000000000003,0.5,0.7931034482758621,0.5,0.8000000000000002,1.0,1.0,0.3333333333333333,0.7666666666666667,0.0,1.0,0.0,0.0,0.0,1.0,0.0,0.0,1.0,0.0
0.7473684210526317,0.5368421052631582,0.6206896551724138,0.5,0.8,0.6,1.0,0.3333333333333333,0.6333333333333333,0.0,0.0,0.0,1.0,0.0,0.0,0.0,0.0,1.0,0.0
0.6857142857142855,0.5714285714285716,0.9310344827586207,0.4,0.8,0.5,1.0,0.3333333333333333,0.5666666666666668,0.0,0.0,1.0,0.0,0.0,1.0,0.0,0.0,1.0,0.0
0.5,0.8333333333333339,0.7931034482758621,0.4000000000000001,0.6,0.6999999999999998,1.0,0.3333333333333333,0.5666666666666665,1.0,0.0,0.0,0.0,0.0,1.0,0.0,0.0,0.0,0.0
0.4666666666666668,0.43333333333333357,0.7931034482758621,0.6,0.9,0.9499999999999998,1.0,0.3333333333333333,0.8166666666666665,0.0,0.0,0.0,1.0,0.0,0.0,0.0,0.0,1.0,0.0
0.7333333333333338,0.5851851851851855,0.896551724137931,0.4,1.0,0.9,1.0,0.3333333333333333,0.7666666666666666,0.0,1.0,0.0,0.0,0.0,1.0,0.0,0.0,1.0,0.0
0.4666666666666668,0.5428571428571431,0.6896551724137931,0.6,0.6,0.9000000000000001,1.0,0.3333333333333333,0.7000000000000001,0.0,0.0,1.0,0.0,0.0,0.0,0.0,0.0,0.0,0.0
0.6000000000000001,0.6000000000000001,0.10344827586206896,0.0,0.5,0.0,0.0,0.0,0.16666666666666666,0.0,1.0,0.0,0.0,0.0,0.0,0.0,1.0,1.0,0.0
0.7439999999999998,0.6479999999999997,0.8275862068965517,0.6,1.0,0.75,1.0,0.3333333333333333,0.7833333333333333,0.0,1.0,0.0,0.0,0.0,0.0,0.0,0.0,1.0,0.0
0.5047619047619052,0.8095238095238098,0.6896551724137931,0.5,0.8,1.0,1.0,0.3333333333333333,0.7666666666666666,0.0,0.0,1.0,0.0,0.0,0.0,0.0,0.0,1.0,0.0
0.6173913043478261,0.37391304347826093,0.7586206896551725,0.6,0.9,1.0,1.0,0.3333333333333333,0.8333333333333334,1.0,0.0,0.0,0.0,0.0,0.0,0.0,0.0,1.0,0.0
0.6000000000000001,0.6400000000000001,0.6551724137931035,0.4,0.9,1.0,1.0,0.3333333333333333,0.7666666666666666,0.0,0.0,0.0,1.0,0.0,1.0,0.0,0.0,1.0,0.0
0.6400000000000001,0.5200000000000005,0.6551724137931035,0.9,0.9,1.0,1.0,0.3333333333333333,0.9333333333333332,0.0,1.0,0.0,0.0,0.0,0.0,0.0,0.0,1.0,0.0
0.5862068965517242,0.7241379310344827,0.9655172413793104,0.4,0.8,0.9,1.0,0.3333333333333333,0.7000000000000001,1.0,0.0,0.0,0.0,0.0,0.0,0.0,0.0,0.0,0.0
0.7846153846153849,0.6615384615384614,0.8620689655172414,0.8,0.9000000000000001,0.6500000000000001,1.0,0.3333333333333333,0.7833333333333335,0.0,0.0,1.0,0.0,0.0,1.0,0.0,0.0,0.0,0.0
0.5142857142857147,0.6285714285714286,0.9310344827586207,0.5,0.8,0.9,1.0,0.3333333333333333,0.7333333333333334,1.0,0.0,0.0,0.0,0.0,1.0,0.0,0.0,0.0,0.0
0.7217391304347829,0.8956521739130441,0.7586206896551725,0.4,0.9,1.0,1.0,0.3333333333333333,0.7666666666666666,0.0,1.0,0.0,0.0,0.0,0.0,0.0,0.0,1.0,0.0
0.6521739130434785,0.7565217391304353,0.7586206896551725,0.9,0.8,0.8,1.0,0.3333333333333333,0.8333333333333334,1.0,0.0,0.0,0.0,0.0,1.0,0.0,0.0,0.0,0.0
0.5851851851851855,0.43703703703703756,0.896551724137931,0.5,0.7,0.5,1.0,0.3333333333333333,0.5666666666666667,0.0,0.0,1.0,0.0,0.0,0.0,0.0,0.0,1.0,0.0
0.5200000000000005,0.7119999999999997,0.8275862068965517,0.4,1.0,0.7,1.0,0.3333333333333333,0.6999999999999998,1.0,0.0,0.0,0.0,0.0,0.0,0.0,0.0,1.0,0.0
